# ************************************************************
# Antares - SQL Client
# Version 0.7.30
# 
# https://antares-sql.app/
# https://github.com/antares-sql/antares
# 
# Host: 127.0.0.1 (MySQL Community Server - GPL 8.4.3)
# Database: kurnik-clone-table
# Generation time: 2025-02-02T06:27:06+01:00
# ************************************************************


/*!40101 SET @OLD_CHARACTER_SET_CLIENT=@@CHARACTER_SET_CLIENT */;
/*!40101 SET @OLD_CHARACTER_SET_RESULTS=@@CHARACTER_SET_RESULTS */;
/*!40101 SET @OLD_COLLATION_CONNECTION=@@COLLATION_CONNECTION */;
SET NAMES utf8mb4;
/*!40014 SET @OLD_FOREIGN_KEY_CHECKS=@@FOREIGN_KEY_CHECKS, FOREIGN_KEY_CHECKS=0 */;
/*!40101 SET @OLD_SQL_MODE=@@SQL_MODE, SQL_MODE='NO_AUTO_VALUE_ON_ZERO' */;
/*!40111 SET @OLD_SQL_NOTES=@@SQL_NOTES, SQL_NOTES=0 */;


# Dump of table Ban
# ------------------------------------------------------------

DROP TABLE IF EXISTS `Ban`;

CREATE TABLE `Ban` (
  `id` int NOT NULL AUTO_INCREMENT,
  `id_user` int NOT NULL,
  `type` varchar(15) NOT NULL,
  `since` datetime NOT NULL,
  `until` datetime NOT NULL,
  `reason` varchar(50) DEFAULT NULL,
  `issued_by` int DEFAULT NULL,
  PRIMARY KEY (`id`),
  KEY `fk_ban_id_user` (`id_user`),
  KEY `fk_ban_issued_by` (`issued_by`),
  CONSTRAINT `fk_ban_id_user` FOREIGN KEY (`id_user`) REFERENCES `User` (`id`) ON DELETE CASCADE ON UPDATE CASCADE,
  CONSTRAINT `fk_ban_issued_by` FOREIGN KEY (`issued_by`) REFERENCES `User` (`id`) ON DELETE CASCADE ON UPDATE CASCADE
) ENGINE=InnoDB AUTO_INCREMENT=9 DEFAULT CHARSET=utf8mb4 COLLATE=utf8mb4_0900_ai_ci;





# Dump of table Chat
# ------------------------------------------------------------

DROP TABLE IF EXISTS `Chat`;

CREATE TABLE `Chat` (
  `id` int NOT NULL AUTO_INCREMENT,
  `created_at` datetime DEFAULT CURRENT_TIMESTAMP,
  `created_by` int DEFAULT NULL,
  PRIMARY KEY (`id`),
  KEY `fk_chat_created_by` (`created_by`),
  CONSTRAINT `fk_chat_created_by` FOREIGN KEY (`created_by`) REFERENCES `User` (`id`) ON DELETE SET NULL ON UPDATE CASCADE
) ENGINE=InnoDB DEFAULT CHARSET=utf8mb4 COLLATE=utf8mb4_0900_ai_ci;





# Dump of table ChatParticipant
# ------------------------------------------------------------

DROP TABLE IF EXISTS `ChatParticipant`;

CREATE TABLE `ChatParticipant` (
  `id` int NOT NULL AUTO_INCREMENT,
  `id_user` int NOT NULL,
  `id_chat` int NOT NULL,
  `created_at` datetime DEFAULT CURRENT_TIMESTAMP,
  PRIMARY KEY (`id`),
  KEY `fk_chat_participant_id_user` (`id_user`),
  KEY `fk_chat_participant_id_chat` (`id_chat`),
  CONSTRAINT `fk_chat_participant_id_chat` FOREIGN KEY (`id_chat`) REFERENCES `Chat` (`id`) ON DELETE CASCADE ON UPDATE CASCADE,
  CONSTRAINT `fk_chat_participant_id_user` FOREIGN KEY (`id_user`) REFERENCES `User` (`id`) ON DELETE CASCADE ON UPDATE CASCADE
) ENGINE=InnoDB DEFAULT CHARSET=utf8mb4 COLLATE=utf8mb4_0900_ai_ci;





# Dump of table FlaggedMessage
# ------------------------------------------------------------

DROP TABLE IF EXISTS `FlaggedMessage`;

CREATE TABLE `FlaggedMessage` (
  `id` int NOT NULL AUTO_INCREMENT,
  `id_message` int DEFAULT NULL,
  `flagged_by` int DEFAULT NULL,
  `comment` text NOT NULL,
  `created_at` datetime DEFAULT CURRENT_TIMESTAMP,
  PRIMARY KEY (`id`),
  KEY `fk_flagged_message_id_message` (`id_message`),
  KEY `fk_flagged_message_flagged_by` (`flagged_by`),
  CONSTRAINT `fk_flagged_message_flagged_by` FOREIGN KEY (`flagged_by`) REFERENCES `User` (`id`) ON DELETE CASCADE ON UPDATE CASCADE,
  CONSTRAINT `fk_flagged_message_id_message` FOREIGN KEY (`id_message`) REFERENCES `Message` (`id`) ON DELETE CASCADE ON UPDATE CASCADE
) ENGINE=InnoDB DEFAULT CHARSET=utf8mb4 COLLATE=utf8mb4_0900_ai_ci;





# Dump of table Message
# ------------------------------------------------------------

DROP TABLE IF EXISTS `Message`;

CREATE TABLE `Message` (
  `id` int NOT NULL AUTO_INCREMENT,
  `id_chat` int DEFAULT NULL,
  `created_by` int DEFAULT NULL,
  `created_at` datetime DEFAULT CURRENT_TIMESTAMP,
  `contents` text NOT NULL,
  PRIMARY KEY (`id`),
  KEY `fk_message_created_by` (`created_by`),
  KEY `fk_message_id_chat` (`id_chat`),
  CONSTRAINT `fk_message_created_by` FOREIGN KEY (`created_by`) REFERENCES `User` (`id`) ON DELETE SET NULL ON UPDATE CASCADE,
  CONSTRAINT `fk_message_id_chat` FOREIGN KEY (`id_chat`) REFERENCES `Chat` (`id`) ON DELETE CASCADE ON UPDATE CASCADE
) ENGINE=InnoDB DEFAULT CHARSET=utf8mb4 COLLATE=utf8mb4_0900_ai_ci;





# Dump of table Room
# ------------------------------------------------------------

DROP TABLE IF EXISTS `Room`;

CREATE TABLE `Room` (
  `id` int NOT NULL AUTO_INCREMENT,
  `name` varchar(16) NOT NULL,
  `game_type` varchar(40) NOT NULL,
  `id_chat` int DEFAULT NULL,
  `current_player_number` int NOT NULL,
  `game_history` text NOT NULL,
  `finished_at` datetime DEFAULT NULL,
  `current_gamestate` text,
  `seed` int NOT NULL,
  `modified_at` datetime DEFAULT NULL,
  `created_by` int DEFAULT NULL,
  `created_at` datetime DEFAULT CURRENT_TIMESTAMP,
  PRIMARY KEY (`id`),
  KEY `fk_room_id_chat` (`id_chat`),
  KEY `fk_room_created_by` (`created_by`),
  CONSTRAINT `fk_room_created_by` FOREIGN KEY (`created_by`) REFERENCES `User` (`id`) ON DELETE SET NULL ON UPDATE CASCADE,
  CONSTRAINT `fk_room_id_chat` FOREIGN KEY (`id_chat`) REFERENCES `Chat` (`id`) ON DELETE SET NULL ON UPDATE CASCADE
) ENGINE=InnoDB AUTO_INCREMENT=36 DEFAULT CHARSET=utf8mb4 COLLATE=utf8mb4_0900_ai_ci;

LOCK TABLES `Room` WRITE;
/*!40000 ALTER TABLE `Room` DISABLE KEYS */;

INSERT INTO `Room` (`id`, `name`, `game_type`, `id_chat`, `current_player_number`, `game_history`, `finished_at`, `current_gamestate`, `seed`, `modified_at`, `created_by`, `created_at`) VALUES
	(1, "first test :D", "ludo", NULL, 1, "[\"1:1:-1:1737051132\",\"0:0:-1:1737059095\",\"1:1:-1:1737059111\",\"0:0:-1:1737059118\",\"1:1:-1:1737059132\",\"0:2:0:1737059139\",\"0:2:2:1737059142\",\"1:1:-1:1737059151\",\"0:2:4:1737059157\",\"1:1:-1:1737059187\",\"0:2:6:1737059191\",\"1:4:12:1737059198\",\"1:5:101:1737059204\",\"0:2:11:1737059209\",\"1:4:17:1737059215\",\"0:2:14:1737059223\",\"1:4:20:1737059228\",\"0:2:18:1737059234\",\"1:7:12:1737059257\",\"1:7:15:1737059263\",\"0:2:23:1737059272\",\"1:4:21:1737059284\",\"0:2:29:1737059290\",\"0:2:31:1737059297\",\"1:4:24:1737059303\",\"0:3:0:1737059309\",\"0:3:6:1737073430\",\"0:3:7:1737073437\",\"l:0\",\"j:3\",\"3:14:36:1737073443\",\"3:14:41:1737081911\",\"j:2\",\"j:3\",\"j:2\",\"j:3\",\"j:2\",\"j:3\",\"l:3\",\"j:2\",\"j:3\",\"j:2\",\"j:2\",\"j:2\",\"j:2\",\"j:2\",\"j:2\",\"l:2\",\"j:3\",\"l:3\",\"j:2\",\"l:2\",\"j:3\",\"l:3\",\"j:2\",\"l:2\",\"j:3\",\"l:3\",\"j:0\",\"l:0\",\"j:2\",\"l:2\",\"j:3\",\"l:3\",\"j:0\",\"l:0\",\"j:2\",\"l:2\",\"j:3\",\"l:3\",\"j:0\",\"l:0\",\"j:2\",\"l:2\",\"j:3\",\"l:3\",\"j:0\",\"l:0\",\"j:2\",\"l:2\",\"j:3\",\"l:3\",\"j:0\",\"l:0\",\"j:3\",\"l:3\",\"j:2\",\"l:2\",\"j:3\",\"l:3\",\"j:0\",\"l:0\",\"j:2\",\"l:2\",\"j:3\",\"l:3\",\"j:0\",\"l:0\",\"j:2\",\"l:2\",\"j:3\",\"l:3\",\"j:0\",\"l:0\",\"j:3\",\"l:3\",\"j:2\",\"l:2\",\"j:0\",\"l:0\",\"j:3\",\"l:3\",\"j:2\",\"l:2\",\"j:0\",\"l:0\",\"j:3\",\"l:3\",\"j:0\",\"l:0\",\"j:3\",\"l:3\",\"j:0\",\"l:0\",\"j:3\",\"l:3\",\"j:0\",\"l:0\",\"j:3\",\"l:3\",\"j:0\",\"l:0\",\"j:2\",\"1:7:18:1737081915\",\"2:2:-1:1737084519\",\"1:4:28:1737084617\",\"2:9:24:1737084633\",\"l:2\",\"j:3\",\"3:14:43:1737084648\",\"l:3\",\"j:3\",\"1:4:29:1737084694\",\"3:13:36:1737124623\",\"3:14:47:1737124640\",\"1:7:24:1737124649\",\"1:4:32:1737124656\",\"3:14:2:1737124662\",\"1:7:30:1737124674\",\"1:7:31:1737124682\",\"3:14:5:1737124687\",\"1:4:38:1737124698\",\"1:4:40:1737124705\",\"3:13:38:1737124711\",\"1:7:36:1737124720\",\"l:3\",\"j:0\",\"0:3:11:1737124728\",\"1:4:45:1737124736\",\"0:3:15:1737124745\",\"1:4:1:1737124756\",\"l:0\",\"j:3\",\"1:4:2:1737124764\",\"l:1\",\"j:0\",\"l:0\",\"j:1\",\"j:0\",\"l:0\",\"j:3\",\"l:3\",\"j:0\",\"l:0\",\"j:3\",\"l:3\",\"j:2\",\"l:2\",\"j:0\",\"l:0\",\"j:0\",\"l:0\",\"l:1\",\"j:1\",\"j:0\",\"1:4:4:1737124899\",\"0:3:20:1737195228\",\"1:7:39:1737195259\",\"0:3:22:1737195267\",\"l:0\",\"l:1\",\"l:1\",\"l:1\",\"0:2:0:1737195277\",\"0:2:1:1738364980\",\"1:4:6:1738364987\",\"0:3:28:1738365003\",\"0:2:6:1738365014\",\"1:7:41:1738365019\",\"l:1\",\"l:0\"]", NULL, "[[-1,-1,6,28],[-1,101,-1,41],[-1,-1,-1,-1],[-1,38,5,-1]]", 1738365027, "2025-02-02 05:18:19", NULL, "2024-12-27 18:49:20"),
	(2, "near end test", "ludo", NULL, -1, "[\"0:0:-1:1736606610\",\"1:4:12:1736606707\",\"1:4:17:1736606716\",\"0:2:0:1736606736\",\"0:2:3:1736606751\",\"1:4:22:1736606764\",\"0:2:6:1736606773\",\"1:4:24:1736606778\",\"0:2:11:1736606787\",\"1:4:28:1736606794\",\"0:2:13:1736606803\",\"1:4:31:1736606809\",\"0:2:17:1736606816\",\"1:4:35:1736606822\",\"0:2:22:1736606845\",\"1:4:37:1736606852\",\"0:2:24:1736606858\",\"1:4:43:1736606863\",\"1:4:47:1736606872\",\"0:3:0:1736606880\",\"0:2:30:1736606885\",\"0:2:33:1736606903\",\"1:4:4:1736606910\",\"0:3:3:1736606919\",\"1:4:9:1736606925\",\"0:2:39:1736606938\",\"0:2:41:1736606950\",\"1:4:10:1736606960\",\"0:2:46:1736606966\",\"1:4:15:1736606973\",\"0:0:0:1736606987\",\"0:3:5:1736607056\",\"1:4:103:1736607061\",\"0:0:6:1736607749\",\"0:0:7:1736607761\",\"1:1:-1:1736607765\",\"0:2:102:1736607768\",\"1:1:-1:1736607786\",\"0:1:100:1736607961\",\"1:4:102:1737009524\",\"0:3:6:1737009560\",\"1:1:-1:1737009568\",\"0:3:11:1737033398\",\"1:4:103:1737033408\",\"0:1:102:1737033419\",\"1:4:101:1737033491\",\"0:0:0:1737033504\",\"0:3:14:1737033510\",\"1:1:-1:1737034436\",\"0:3:15:1737034437\",\"1:4:102:1737034444\",\"0:3:20:1737034451\",\"1:1:-1:1737034505\",\"0:0:6:1737034506\",\"0:0:12:1737034516\",\"0:1:0:1737034545\",\"1:5:12:1737034555\",\"1:5:13:1737034562\",\"0:1:6:1737034565\",\"0:3:23:1737034573\",\"1:5:16:1737034582\",\"0:1:10:1737034587\",\"1:5:20:1737034594\",\"0:1:12:1737034603\",\"1:7:12:1737034608\",\"1:7:14:1737034618\",\"0:3:26:1737034624\",\"1:5:25:1737034630\",\"0:3:29:1737034637\",\"1:4:103:1737034646\",\"0:3:31:1737034651\",\"1:5:30:1737034823\",\"0:0:0:1737034834\",\"0:0:2:1737034839\",\"1:7:19:1737034850\",\"0:1:0:1737034858\",\"0:0:6:1737034864\",\"1:6:12:1737034873\",\"1:6:15:1737034880\",\"0:3:34:1737034886\",\"1:7:25:1737034899\",\"1:6:21:1737034905\",\"1:5:32:1737034921\",\"0:3:40:1737034926\",\"0:3:43:1737034937\",\"1:5:36:1737034945\",\"0:3:45:1737034955\",\"1:5:40:1737034960\",\"0:0:12:1737034966\",\"0:3:101:1737034978\",\"1:5:44:1737034985\",\"0:1:2:1737034991\",\"1:5:0:1737034997\",\"0:1:4:1737035002\",\"1:5:2:1737035007\",\"0:0:17:1737035011\",\"1:7:29:1737035018\",\"0:0:18:1737035028\",\"1:6:24:1737035034\",\"0:0:22:1737035041\",\"1:6:27:1737035064\",\"0:1:5:1737048977\",\"1:7:30:1737048984\",\"0:0:26:1737048993\",\"1:6:29:1737049398\",\"0:0:32:1737049560\",\"j:1\",\"l:1\",\"l:1\",\"l:1\"]", NULL, "[[32,5,103,101],[103,2,29,30],[-1,-1,-1,-1],[-1,-1,-1,-1]]", 1737049568, "2025-01-30 22:13:46", NULL, "2024-12-27 18:49:20"),
	(3, "near end test", "ludo", NULL, -1, "[\"0:0:-1:1736606610\",\"1:4:12:1736606707\",\"1:4:17:1736606716\",\"0:2:0:1736606736\",\"0:2:3:1736606751\",\"1:4:22:1736606764\",\"0:2:6:1736606773\",\"1:4:24:1736606778\",\"0:2:11:1736606787\",\"1:4:28:1736606794\",\"0:2:13:1736606803\",\"1:4:31:1736606809\",\"0:2:17:1736606816\",\"1:4:35:1736606822\",\"0:2:22:1736606845\",\"1:4:37:1736606852\",\"0:2:24:1736606858\",\"1:4:43:1736606863\",\"1:4:47:1736606872\",\"0:3:0:1736606880\",\"0:2:30:1736606885\",\"0:2:33:1736606903\",\"1:4:4:1736606910\",\"0:3:3:1736606919\",\"1:4:9:1736606925\",\"0:2:39:1736606938\",\"0:2:41:1736606950\",\"1:4:10:1736606960\",\"0:2:46:1736606966\",\"1:4:15:1736606973\",\"0:0:0:1736606987\",\"0:3:5:1736607056\",\"1:4:103:1736607061\",\"0:0:6:1736607749\",\"0:0:7:1736607761\",\"1:1:-1:1736607765\",\"0:2:102:1736607768\",\"1:1:-1:1736607786\",\"0:1:100:1736607961\",\"1:4:102:1737009524\",\"0:3:6:1737009560\",\"1:1:-1:1737009568\",\"0:3:11:1737033398\",\"1:4:103:1737033408\",\"0:1:102:1737033419\",\"1:4:101:1737033491\",\"0:0:0:1737033504\",\"0:3:14:1737033510\",\"1:1:-1:1737034436\",\"0:3:15:1737034437\",\"1:4:102:1737034444\",\"0:3:20:1737034451\",\"1:1:-1:1737034505\",\"0:0:6:1737034506\",\"0:0:12:1737034516\",\"0:1:0:1737034545\",\"1:5:12:1737034555\",\"1:5:13:1737034562\",\"0:1:6:1737034565\",\"0:3:23:1737034573\",\"1:5:16:1737034582\",\"0:1:10:1737034587\",\"1:5:20:1737034594\",\"0:1:12:1737034603\",\"1:7:12:1737034608\",\"1:7:14:1737034618\",\"0:3:26:1737034624\",\"1:5:25:1737034630\",\"0:3:29:1737034637\",\"1:4:103:1737034646\",\"0:3:31:1737034651\",\"1:5:30:1737034823\",\"0:0:0:1737034834\",\"0:0:2:1737034839\",\"1:7:19:1737034850\",\"0:1:0:1737034858\",\"0:0:6:1737034864\",\"1:6:12:1737034873\",\"1:6:15:1737034880\",\"0:3:34:1737034886\",\"1:7:25:1737034899\",\"1:6:21:1737034905\",\"1:5:32:1737034921\",\"0:3:40:1737034926\",\"0:3:43:1737034937\",\"1:5:36:1737034945\",\"0:3:45:1737034955\",\"1:5:40:1737034960\",\"0:0:12:1737034966\",\"0:3:101:1737034978\",\"1:5:44:1737034985\",\"0:1:2:1737034991\",\"1:5:0:1737034997\",\"0:1:4:1737035002\",\"1:5:2:1737035007\",\"0:0:17:1737035011\",\"1:7:29:1737035018\",\"0:0:18:1737035028\",\"1:6:24:1737035034\",\"0:0:22:1737035041\",\"1:6:27:1737035064\",\"0:1:5:1737048977\",\"1:7:30:1737048984\",\"0:0:26:1737048993\",\"1:6:29:1737049398\",\"0:0:32:1737049560\",\"j:1\",\"l:1\",\"l:1\",\"l:1\"]", NULL, "[[32,5,103,101],[103,2,29,30],[-1,-1,-1,-1],[-1,-1,-1,-1]]", 1737049568, "2025-01-30 22:13:46", NULL, "2024-12-27 18:49:20"),
	(4, "near end test", "ludo", NULL, -1, "[\"0:0:-1:1736606610\",\"1:4:12:1736606707\",\"1:4:17:1736606716\",\"0:2:0:1736606736\",\"0:2:3:1736606751\",\"1:4:22:1736606764\",\"0:2:6:1736606773\",\"1:4:24:1736606778\",\"0:2:11:1736606787\",\"1:4:28:1736606794\",\"0:2:13:1736606803\",\"1:4:31:1736606809\",\"0:2:17:1736606816\",\"1:4:35:1736606822\",\"0:2:22:1736606845\",\"1:4:37:1736606852\",\"0:2:24:1736606858\",\"1:4:43:1736606863\",\"1:4:47:1736606872\",\"0:3:0:1736606880\",\"0:2:30:1736606885\",\"0:2:33:1736606903\",\"1:4:4:1736606910\",\"0:3:3:1736606919\",\"1:4:9:1736606925\",\"0:2:39:1736606938\",\"0:2:41:1736606950\",\"1:4:10:1736606960\",\"0:2:46:1736606966\",\"1:4:15:1736606973\",\"0:0:0:1736606987\",\"0:3:5:1736607056\",\"1:4:103:1736607061\",\"0:0:6:1736607749\",\"0:0:7:1736607761\",\"1:1:-1:1736607765\",\"0:2:102:1736607768\",\"1:1:-1:1736607786\",\"0:1:100:1736607961\",\"1:4:102:1737009524\",\"0:3:6:1737009560\",\"1:1:-1:1737009568\",\"0:3:11:1737033398\",\"1:4:103:1737033408\",\"0:1:102:1737033419\",\"1:4:101:1737033491\",\"0:0:0:1737033504\",\"0:3:14:1737033510\",\"1:1:-1:1737034436\",\"0:3:15:1737034437\",\"1:4:102:1737034444\",\"0:3:20:1737034451\",\"1:1:-1:1737034505\",\"0:0:6:1737034506\",\"0:0:12:1737034516\",\"0:1:0:1737034545\",\"1:5:12:1737034555\",\"1:5:13:1737034562\",\"0:1:6:1737034565\",\"0:3:23:1737034573\",\"1:5:16:1737034582\",\"0:1:10:1737034587\",\"1:5:20:1737034594\",\"0:1:12:1737034603\",\"1:7:12:1737034608\",\"1:7:14:1737034618\",\"0:3:26:1737034624\",\"1:5:25:1737034630\",\"0:3:29:1737034637\",\"1:4:103:1737034646\",\"0:3:31:1737034651\",\"1:5:30:1737034823\",\"0:0:0:1737034834\",\"0:0:2:1737034839\",\"1:7:19:1737034850\",\"0:1:0:1737034858\",\"0:0:6:1737034864\",\"1:6:12:1737034873\",\"1:6:15:1737034880\",\"0:3:34:1737034886\",\"1:7:25:1737034899\",\"1:6:21:1737034905\",\"1:5:32:1737034921\",\"0:3:40:1737034926\",\"0:3:43:1737034937\",\"1:5:36:1737034945\",\"0:3:45:1737034955\",\"1:5:40:1737034960\",\"0:0:12:1737034966\",\"0:3:101:1737034978\",\"1:5:44:1737034985\",\"0:1:2:1737034991\",\"1:5:0:1737034997\",\"0:1:4:1737035002\",\"1:5:2:1737035007\",\"0:0:17:1737035011\",\"1:7:29:1737035018\",\"0:0:18:1737035028\",\"1:6:24:1737035034\",\"0:0:22:1737035041\",\"1:6:27:1737035064\",\"0:1:5:1737048977\",\"1:7:30:1737048984\",\"0:0:26:1737048993\",\"1:6:29:1737049398\",\"0:0:32:1737049560\",\"j:1\",\"l:1\",\"l:1\",\"l:1\"]", NULL, "[[32,5,103,101],[103,2,29,30],[-1,-1,-1,-1],[-1,-1,-1,-1]]", 1737049568, "2025-01-30 22:13:46", NULL, "2024-12-27 18:49:20"),
	(5, "near end test", "ludo", NULL, -1, "[\"0:0:-1:1736606610\",\"1:4:12:1736606707\",\"1:4:17:1736606716\",\"0:2:0:1736606736\",\"0:2:3:1736606751\",\"1:4:22:1736606764\",\"0:2:6:1736606773\",\"1:4:24:1736606778\",\"0:2:11:1736606787\",\"1:4:28:1736606794\",\"0:2:13:1736606803\",\"1:4:31:1736606809\",\"0:2:17:1736606816\",\"1:4:35:1736606822\",\"0:2:22:1736606845\",\"1:4:37:1736606852\",\"0:2:24:1736606858\",\"1:4:43:1736606863\",\"1:4:47:1736606872\",\"0:3:0:1736606880\",\"0:2:30:1736606885\",\"0:2:33:1736606903\",\"1:4:4:1736606910\",\"0:3:3:1736606919\",\"1:4:9:1736606925\",\"0:2:39:1736606938\",\"0:2:41:1736606950\",\"1:4:10:1736606960\",\"0:2:46:1736606966\",\"1:4:15:1736606973\",\"0:0:0:1736606987\",\"0:3:5:1736607056\",\"1:4:103:1736607061\",\"0:0:6:1736607749\",\"0:0:7:1736607761\",\"1:1:-1:1736607765\",\"0:2:102:1736607768\",\"1:1:-1:1736607786\",\"0:1:100:1736607961\",\"1:4:102:1737009524\",\"0:3:6:1737009560\",\"1:1:-1:1737009568\",\"0:3:11:1737033398\",\"1:4:103:1737033408\",\"0:1:102:1737033419\",\"1:4:101:1737033491\",\"0:0:0:1737033504\",\"0:3:14:1737033510\",\"1:1:-1:1737034436\",\"0:3:15:1737034437\",\"1:4:102:1737034444\",\"0:3:20:1737034451\",\"1:1:-1:1737034505\",\"0:0:6:1737034506\",\"0:0:12:1737034516\",\"0:1:0:1737034545\",\"1:5:12:1737034555\",\"1:5:13:1737034562\",\"0:1:6:1737034565\",\"0:3:23:1737034573\",\"1:5:16:1737034582\",\"0:1:10:1737034587\",\"1:5:20:1737034594\",\"0:1:12:1737034603\",\"1:7:12:1737034608\",\"1:7:14:1737034618\",\"0:3:26:1737034624\",\"1:5:25:1737034630\",\"0:3:29:1737034637\",\"1:4:103:1737034646\",\"0:3:31:1737034651\",\"1:5:30:1737034823\",\"0:0:0:1737034834\",\"0:0:2:1737034839\",\"1:7:19:1737034850\",\"0:1:0:1737034858\",\"0:0:6:1737034864\",\"1:6:12:1737034873\",\"1:6:15:1737034880\",\"0:3:34:1737034886\",\"1:7:25:1737034899\",\"1:6:21:1737034905\",\"1:5:32:1737034921\",\"0:3:40:1737034926\",\"0:3:43:1737034937\",\"1:5:36:1737034945\",\"0:3:45:1737034955\",\"1:5:40:1737034960\",\"0:0:12:1737034966\",\"0:3:101:1737034978\",\"1:5:44:1737034985\",\"0:1:2:1737034991\",\"1:5:0:1737034997\",\"0:1:4:1737035002\",\"1:5:2:1737035007\",\"0:0:17:1737035011\",\"1:7:29:1737035018\",\"0:0:18:1737035028\",\"1:6:24:1737035034\",\"0:0:22:1737035041\",\"1:6:27:1737035064\",\"0:1:5:1737048977\",\"1:7:30:1737048984\",\"0:0:26:1737048993\",\"1:6:29:1737049398\",\"0:0:32:1737049560\",\"j:1\",\"l:1\",\"l:1\",\"l:1\"]", NULL, "[[32,5,103,101],[103,2,29,30],[-1,-1,-1,-1],[-1,-1,-1,-1]]", 1737049568, "2025-01-30 22:13:46", NULL, "2024-12-27 18:49:20"),
	(6, "near end test", "ludo", NULL, -1, "[\"0:0:-1:1736606610\",\"1:4:12:1736606707\",\"1:4:17:1736606716\",\"0:2:0:1736606736\",\"0:2:3:1736606751\",\"1:4:22:1736606764\",\"0:2:6:1736606773\",\"1:4:24:1736606778\",\"0:2:11:1736606787\",\"1:4:28:1736606794\",\"0:2:13:1736606803\",\"1:4:31:1736606809\",\"0:2:17:1736606816\",\"1:4:35:1736606822\",\"0:2:22:1736606845\",\"1:4:37:1736606852\",\"0:2:24:1736606858\",\"1:4:43:1736606863\",\"1:4:47:1736606872\",\"0:3:0:1736606880\",\"0:2:30:1736606885\",\"0:2:33:1736606903\",\"1:4:4:1736606910\",\"0:3:3:1736606919\",\"1:4:9:1736606925\",\"0:2:39:1736606938\",\"0:2:41:1736606950\",\"1:4:10:1736606960\",\"0:2:46:1736606966\",\"1:4:15:1736606973\",\"0:0:0:1736606987\",\"0:3:5:1736607056\",\"1:4:103:1736607061\",\"0:0:6:1736607749\",\"0:0:7:1736607761\",\"1:1:-1:1736607765\",\"0:2:102:1736607768\",\"1:1:-1:1736607786\",\"0:1:100:1736607961\",\"1:4:102:1737009524\",\"0:3:6:1737009560\",\"1:1:-1:1737009568\",\"0:3:11:1737033398\",\"1:4:103:1737033408\",\"0:1:102:1737033419\",\"1:4:101:1737033491\",\"0:0:0:1737033504\",\"0:3:14:1737033510\",\"1:1:-1:1737034436\",\"0:3:15:1737034437\",\"1:4:102:1737034444\",\"0:3:20:1737034451\",\"1:1:-1:1737034505\",\"0:0:6:1737034506\",\"0:0:12:1737034516\",\"0:1:0:1737034545\",\"1:5:12:1737034555\",\"1:5:13:1737034562\",\"0:1:6:1737034565\",\"0:3:23:1737034573\",\"1:5:16:1737034582\",\"0:1:10:1737034587\",\"1:5:20:1737034594\",\"0:1:12:1737034603\",\"1:7:12:1737034608\",\"1:7:14:1737034618\",\"0:3:26:1737034624\",\"1:5:25:1737034630\",\"0:3:29:1737034637\",\"1:4:103:1737034646\",\"0:3:31:1737034651\",\"1:5:30:1737034823\",\"0:0:0:1737034834\",\"0:0:2:1737034839\",\"1:7:19:1737034850\",\"0:1:0:1737034858\",\"0:0:6:1737034864\",\"1:6:12:1737034873\",\"1:6:15:1737034880\",\"0:3:34:1737034886\",\"1:7:25:1737034899\",\"1:6:21:1737034905\",\"1:5:32:1737034921\",\"0:3:40:1737034926\",\"0:3:43:1737034937\",\"1:5:36:1737034945\",\"0:3:45:1737034955\",\"1:5:40:1737034960\",\"0:0:12:1737034966\",\"0:3:101:1737034978\",\"1:5:44:1737034985\",\"0:1:2:1737034991\",\"1:5:0:1737034997\",\"0:1:4:1737035002\",\"1:5:2:1737035007\",\"0:0:17:1737035011\",\"1:7:29:1737035018\",\"0:0:18:1737035028\",\"1:6:24:1737035034\",\"0:0:22:1737035041\",\"1:6:27:1737035064\",\"0:1:5:1737048977\",\"1:7:30:1737048984\",\"0:0:26:1737048993\",\"1:6:29:1737049398\",\"0:0:32:1737049560\",\"j:1\",\"l:1\",\"l:1\",\"l:1\"]", NULL, "[[32,5,103,101],[103,2,29,30],[-1,-1,-1,-1],[-1,-1,-1,-1]]", 1737049568, "2025-01-30 22:13:46", NULL, "2024-12-27 18:49:20"),
	(7, "near end test", "ludo", NULL, -1, "[\"0:0:-1:1736606610\",\"1:4:12:1736606707\",\"1:4:17:1736606716\",\"0:2:0:1736606736\",\"0:2:3:1736606751\",\"1:4:22:1736606764\",\"0:2:6:1736606773\",\"1:4:24:1736606778\",\"0:2:11:1736606787\",\"1:4:28:1736606794\",\"0:2:13:1736606803\",\"1:4:31:1736606809\",\"0:2:17:1736606816\",\"1:4:35:1736606822\",\"0:2:22:1736606845\",\"1:4:37:1736606852\",\"0:2:24:1736606858\",\"1:4:43:1736606863\",\"1:4:47:1736606872\",\"0:3:0:1736606880\",\"0:2:30:1736606885\",\"0:2:33:1736606903\",\"1:4:4:1736606910\",\"0:3:3:1736606919\",\"1:4:9:1736606925\",\"0:2:39:1736606938\",\"0:2:41:1736606950\",\"1:4:10:1736606960\",\"0:2:46:1736606966\",\"1:4:15:1736606973\",\"0:0:0:1736606987\",\"0:3:5:1736607056\",\"1:4:103:1736607061\",\"0:0:6:1736607749\",\"0:0:7:1736607761\",\"1:1:-1:1736607765\",\"0:2:102:1736607768\",\"1:1:-1:1736607786\",\"0:1:100:1736607961\",\"1:4:102:1737009524\",\"0:3:6:1737009560\",\"1:1:-1:1737009568\",\"0:3:11:1737033398\",\"1:4:103:1737033408\",\"0:1:102:1737033419\",\"1:4:101:1737033491\",\"0:0:0:1737033504\",\"0:3:14:1737033510\",\"1:1:-1:1737034436\",\"0:3:15:1737034437\",\"1:4:102:1737034444\",\"0:3:20:1737034451\",\"1:1:-1:1737034505\",\"0:0:6:1737034506\",\"0:0:12:1737034516\",\"0:1:0:1737034545\",\"1:5:12:1737034555\",\"1:5:13:1737034562\",\"0:1:6:1737034565\",\"0:3:23:1737034573\",\"1:5:16:1737034582\",\"0:1:10:1737034587\",\"1:5:20:1737034594\",\"0:1:12:1737034603\",\"1:7:12:1737034608\",\"1:7:14:1737034618\",\"0:3:26:1737034624\",\"1:5:25:1737034630\",\"0:3:29:1737034637\",\"1:4:103:1737034646\",\"0:3:31:1737034651\",\"1:5:30:1737034823\",\"0:0:0:1737034834\",\"0:0:2:1737034839\",\"1:7:19:1737034850\",\"0:1:0:1737034858\",\"0:0:6:1737034864\",\"1:6:12:1737034873\",\"1:6:15:1737034880\",\"0:3:34:1737034886\",\"1:7:25:1737034899\",\"1:6:21:1737034905\",\"1:5:32:1737034921\",\"0:3:40:1737034926\",\"0:3:43:1737034937\",\"1:5:36:1737034945\",\"0:3:45:1737034955\",\"1:5:40:1737034960\",\"0:0:12:1737034966\",\"0:3:101:1737034978\",\"1:5:44:1737034985\",\"0:1:2:1737034991\",\"1:5:0:1737034997\",\"0:1:4:1737035002\",\"1:5:2:1737035007\",\"0:0:17:1737035011\",\"1:7:29:1737035018\",\"0:0:18:1737035028\",\"1:6:24:1737035034\",\"0:0:22:1737035041\",\"1:6:27:1737035064\",\"0:1:5:1737048977\",\"1:7:30:1737048984\",\"0:0:26:1737048993\",\"1:6:29:1737049398\",\"0:0:32:1737049560\",\"j:1\",\"l:1\",\"l:1\",\"l:1\"]", NULL, "[[32,5,103,101],[103,2,29,30],[-1,-1,-1,-1],[-1,-1,-1,-1]]", 1737049568, "2025-01-30 22:13:46", NULL, "2024-12-27 18:49:20"),
	(8, "near end test", "ludo", NULL, -1, "[\"0:0:-1:1736606610\",\"1:4:12:1736606707\",\"1:4:17:1736606716\",\"0:2:0:1736606736\",\"0:2:3:1736606751\",\"1:4:22:1736606764\",\"0:2:6:1736606773\",\"1:4:24:1736606778\",\"0:2:11:1736606787\",\"1:4:28:1736606794\",\"0:2:13:1736606803\",\"1:4:31:1736606809\",\"0:2:17:1736606816\",\"1:4:35:1736606822\",\"0:2:22:1736606845\",\"1:4:37:1736606852\",\"0:2:24:1736606858\",\"1:4:43:1736606863\",\"1:4:47:1736606872\",\"0:3:0:1736606880\",\"0:2:30:1736606885\",\"0:2:33:1736606903\",\"1:4:4:1736606910\",\"0:3:3:1736606919\",\"1:4:9:1736606925\",\"0:2:39:1736606938\",\"0:2:41:1736606950\",\"1:4:10:1736606960\",\"0:2:46:1736606966\",\"1:4:15:1736606973\",\"0:0:0:1736606987\",\"0:3:5:1736607056\",\"1:4:103:1736607061\",\"0:0:6:1736607749\",\"0:0:7:1736607761\",\"1:1:-1:1736607765\",\"0:2:102:1736607768\",\"1:1:-1:1736607786\",\"0:1:100:1736607961\",\"1:4:102:1737009524\",\"0:3:6:1737009560\",\"1:1:-1:1737009568\",\"0:3:11:1737033398\",\"1:4:103:1737033408\",\"0:1:102:1737033419\",\"1:4:101:1737033491\",\"0:0:0:1737033504\",\"0:3:14:1737033510\",\"1:1:-1:1737034436\",\"0:3:15:1737034437\",\"1:4:102:1737034444\",\"0:3:20:1737034451\",\"1:1:-1:1737034505\",\"0:0:6:1737034506\",\"0:0:12:1737034516\",\"0:1:0:1737034545\",\"1:5:12:1737034555\",\"1:5:13:1737034562\",\"0:1:6:1737034565\",\"0:3:23:1737034573\",\"1:5:16:1737034582\",\"0:1:10:1737034587\",\"1:5:20:1737034594\",\"0:1:12:1737034603\",\"1:7:12:1737034608\",\"1:7:14:1737034618\",\"0:3:26:1737034624\",\"1:5:25:1737034630\",\"0:3:29:1737034637\",\"1:4:103:1737034646\",\"0:3:31:1737034651\",\"1:5:30:1737034823\",\"0:0:0:1737034834\",\"0:0:2:1737034839\",\"1:7:19:1737034850\",\"0:1:0:1737034858\",\"0:0:6:1737034864\",\"1:6:12:1737034873\",\"1:6:15:1737034880\",\"0:3:34:1737034886\",\"1:7:25:1737034899\",\"1:6:21:1737034905\",\"1:5:32:1737034921\",\"0:3:40:1737034926\",\"0:3:43:1737034937\",\"1:5:36:1737034945\",\"0:3:45:1737034955\",\"1:5:40:1737034960\",\"0:0:12:1737034966\",\"0:3:101:1737034978\",\"1:5:44:1737034985\",\"0:1:2:1737034991\",\"1:5:0:1737034997\",\"0:1:4:1737035002\",\"1:5:2:1737035007\",\"0:0:17:1737035011\",\"1:7:29:1737035018\",\"0:0:18:1737035028\",\"1:6:24:1737035034\",\"0:0:22:1737035041\",\"1:6:27:1737035064\",\"0:1:5:1737048977\",\"1:7:30:1737048984\",\"0:0:26:1737048993\",\"1:6:29:1737049398\",\"0:0:32:1737049560\",\"j:1\",\"l:1\",\"l:1\",\"l:1\"]", NULL, "[[32,5,103,101],[103,2,29,30],[-1,-1,-1,-1],[-1,-1,-1,-1]]", 1737049568, "2025-01-30 22:13:46", NULL, "2024-12-27 18:49:20"),
	(9, "near end test", "ludo", NULL, -1, "[\"0:0:-1:1736606610\",\"1:4:12:1736606707\",\"1:4:17:1736606716\",\"0:2:0:1736606736\",\"0:2:3:1736606751\",\"1:4:22:1736606764\",\"0:2:6:1736606773\",\"1:4:24:1736606778\",\"0:2:11:1736606787\",\"1:4:28:1736606794\",\"0:2:13:1736606803\",\"1:4:31:1736606809\",\"0:2:17:1736606816\",\"1:4:35:1736606822\",\"0:2:22:1736606845\",\"1:4:37:1736606852\",\"0:2:24:1736606858\",\"1:4:43:1736606863\",\"1:4:47:1736606872\",\"0:3:0:1736606880\",\"0:2:30:1736606885\",\"0:2:33:1736606903\",\"1:4:4:1736606910\",\"0:3:3:1736606919\",\"1:4:9:1736606925\",\"0:2:39:1736606938\",\"0:2:41:1736606950\",\"1:4:10:1736606960\",\"0:2:46:1736606966\",\"1:4:15:1736606973\",\"0:0:0:1736606987\",\"0:3:5:1736607056\",\"1:4:103:1736607061\",\"0:0:6:1736607749\",\"0:0:7:1736607761\",\"1:1:-1:1736607765\",\"0:2:102:1736607768\",\"1:1:-1:1736607786\",\"0:1:100:1736607961\",\"1:4:102:1737009524\",\"0:3:6:1737009560\",\"1:1:-1:1737009568\",\"0:3:11:1737033398\",\"1:4:103:1737033408\",\"0:1:102:1737033419\",\"1:4:101:1737033491\",\"0:0:0:1737033504\",\"0:3:14:1737033510\",\"1:1:-1:1737034436\",\"0:3:15:1737034437\",\"1:4:102:1737034444\",\"0:3:20:1737034451\",\"1:1:-1:1737034505\",\"0:0:6:1737034506\",\"0:0:12:1737034516\",\"0:1:0:1737034545\",\"1:5:12:1737034555\",\"1:5:13:1737034562\",\"0:1:6:1737034565\",\"0:3:23:1737034573\",\"1:5:16:1737034582\",\"0:1:10:1737034587\",\"1:5:20:1737034594\",\"0:1:12:1737034603\",\"1:7:12:1737034608\",\"1:7:14:1737034618\",\"0:3:26:1737034624\",\"1:5:25:1737034630\",\"0:3:29:1737034637\",\"1:4:103:1737034646\",\"0:3:31:1737034651\",\"1:5:30:1737034823\",\"0:0:0:1737034834\",\"0:0:2:1737034839\",\"1:7:19:1737034850\",\"0:1:0:1737034858\",\"0:0:6:1737034864\",\"1:6:12:1737034873\",\"1:6:15:1737034880\",\"0:3:34:1737034886\",\"1:7:25:1737034899\",\"1:6:21:1737034905\",\"1:5:32:1737034921\",\"0:3:40:1737034926\",\"0:3:43:1737034937\",\"1:5:36:1737034945\",\"0:3:45:1737034955\",\"1:5:40:1737034960\",\"0:0:12:1737034966\",\"0:3:101:1737034978\",\"1:5:44:1737034985\",\"0:1:2:1737034991\",\"1:5:0:1737034997\",\"0:1:4:1737035002\",\"1:5:2:1737035007\",\"0:0:17:1737035011\",\"1:7:29:1737035018\",\"0:0:18:1737035028\",\"1:6:24:1737035034\",\"0:0:22:1737035041\",\"1:6:27:1737035064\",\"0:1:5:1737048977\",\"1:7:30:1737048984\",\"0:0:26:1737048993\",\"1:6:29:1737049398\",\"0:0:32:1737049560\",\"j:1\",\"l:1\",\"l:1\",\"l:1\"]", NULL, "[[32,5,103,101],[103,2,29,30],[-1,-1,-1,-1],[-1,-1,-1,-1]]", 1737049568, "2025-01-30 22:13:46", NULL, "2024-12-27 18:49:20"),
	(10, "near end test", "ludo", NULL, -1, "[\"0:0:-1:1736606610\",\"1:4:12:1736606707\",\"1:4:17:1736606716\",\"0:2:0:1736606736\",\"0:2:3:1736606751\",\"1:4:22:1736606764\",\"0:2:6:1736606773\",\"1:4:24:1736606778\",\"0:2:11:1736606787\",\"1:4:28:1736606794\",\"0:2:13:1736606803\",\"1:4:31:1736606809\",\"0:2:17:1736606816\",\"1:4:35:1736606822\",\"0:2:22:1736606845\",\"1:4:37:1736606852\",\"0:2:24:1736606858\",\"1:4:43:1736606863\",\"1:4:47:1736606872\",\"0:3:0:1736606880\",\"0:2:30:1736606885\",\"0:2:33:1736606903\",\"1:4:4:1736606910\",\"0:3:3:1736606919\",\"1:4:9:1736606925\",\"0:2:39:1736606938\",\"0:2:41:1736606950\",\"1:4:10:1736606960\",\"0:2:46:1736606966\",\"1:4:15:1736606973\",\"0:0:0:1736606987\",\"0:3:5:1736607056\",\"1:4:103:1736607061\",\"0:0:6:1736607749\",\"0:0:7:1736607761\",\"1:1:-1:1736607765\",\"0:2:102:1736607768\",\"1:1:-1:1736607786\",\"0:1:100:1736607961\",\"1:4:102:1737009524\",\"0:3:6:1737009560\",\"1:1:-1:1737009568\",\"0:3:11:1737033398\",\"1:4:103:1737033408\",\"0:1:102:1737033419\",\"1:4:101:1737033491\",\"0:0:0:1737033504\",\"0:3:14:1737033510\",\"1:1:-1:1737034436\",\"0:3:15:1737034437\",\"1:4:102:1737034444\",\"0:3:20:1737034451\",\"1:1:-1:1737034505\",\"0:0:6:1737034506\",\"0:0:12:1737034516\",\"0:1:0:1737034545\",\"1:5:12:1737034555\",\"1:5:13:1737034562\",\"0:1:6:1737034565\",\"0:3:23:1737034573\",\"1:5:16:1737034582\",\"0:1:10:1737034587\",\"1:5:20:1737034594\",\"0:1:12:1737034603\",\"1:7:12:1737034608\",\"1:7:14:1737034618\",\"0:3:26:1737034624\",\"1:5:25:1737034630\",\"0:3:29:1737034637\",\"1:4:103:1737034646\",\"0:3:31:1737034651\",\"1:5:30:1737034823\",\"0:0:0:1737034834\",\"0:0:2:1737034839\",\"1:7:19:1737034850\",\"0:1:0:1737034858\",\"0:0:6:1737034864\",\"1:6:12:1737034873\",\"1:6:15:1737034880\",\"0:3:34:1737034886\",\"1:7:25:1737034899\",\"1:6:21:1737034905\",\"1:5:32:1737034921\",\"0:3:40:1737034926\",\"0:3:43:1737034937\",\"1:5:36:1737034945\",\"0:3:45:1737034955\",\"1:5:40:1737034960\",\"0:0:12:1737034966\",\"0:3:101:1737034978\",\"1:5:44:1737034985\",\"0:1:2:1737034991\",\"1:5:0:1737034997\",\"0:1:4:1737035002\",\"1:5:2:1737035007\",\"0:0:17:1737035011\",\"1:7:29:1737035018\",\"0:0:18:1737035028\",\"1:6:24:1737035034\",\"0:0:22:1737035041\",\"1:6:27:1737035064\",\"0:1:5:1737048977\",\"1:7:30:1737048984\",\"0:0:26:1737048993\",\"1:6:29:1737049398\",\"0:0:32:1737049560\",\"j:1\",\"l:1\",\"l:1\",\"l:1\"]", NULL, "[[32,5,103,101],[103,2,29,30],[-1,-1,-1,-1],[-1,-1,-1,-1]]", 1737049568, "2025-01-30 22:13:46", NULL, "2024-12-27 18:49:20"),
	(11, "near end test", "ludo", NULL, -1, "[\"0:0:-1:1736606610\",\"1:4:12:1736606707\",\"1:4:17:1736606716\",\"0:2:0:1736606736\",\"0:2:3:1736606751\",\"1:4:22:1736606764\",\"0:2:6:1736606773\",\"1:4:24:1736606778\",\"0:2:11:1736606787\",\"1:4:28:1736606794\",\"0:2:13:1736606803\",\"1:4:31:1736606809\",\"0:2:17:1736606816\",\"1:4:35:1736606822\",\"0:2:22:1736606845\",\"1:4:37:1736606852\",\"0:2:24:1736606858\",\"1:4:43:1736606863\",\"1:4:47:1736606872\",\"0:3:0:1736606880\",\"0:2:30:1736606885\",\"0:2:33:1736606903\",\"1:4:4:1736606910\",\"0:3:3:1736606919\",\"1:4:9:1736606925\",\"0:2:39:1736606938\",\"0:2:41:1736606950\",\"1:4:10:1736606960\",\"0:2:46:1736606966\",\"1:4:15:1736606973\",\"0:0:0:1736606987\",\"0:3:5:1736607056\",\"1:4:103:1736607061\",\"0:0:6:1736607749\",\"0:0:7:1736607761\",\"1:1:-1:1736607765\",\"0:2:102:1736607768\",\"1:1:-1:1736607786\",\"0:1:100:1736607961\",\"1:4:102:1737009524\",\"0:3:6:1737009560\",\"1:1:-1:1737009568\",\"0:3:11:1737033398\",\"1:4:103:1737033408\",\"0:1:102:1737033419\",\"1:4:101:1737033491\",\"0:0:0:1737033504\",\"0:3:14:1737033510\",\"1:1:-1:1737034436\",\"0:3:15:1737034437\",\"1:4:102:1737034444\",\"0:3:20:1737034451\",\"1:1:-1:1737034505\",\"0:0:6:1737034506\",\"0:0:12:1737034516\",\"0:1:0:1737034545\",\"1:5:12:1737034555\",\"1:5:13:1737034562\",\"0:1:6:1737034565\",\"0:3:23:1737034573\",\"1:5:16:1737034582\",\"0:1:10:1737034587\",\"1:5:20:1737034594\",\"0:1:12:1737034603\",\"1:7:12:1737034608\",\"1:7:14:1737034618\",\"0:3:26:1737034624\",\"1:5:25:1737034630\",\"0:3:29:1737034637\",\"1:4:103:1737034646\",\"0:3:31:1737034651\",\"1:5:30:1737034823\",\"0:0:0:1737034834\",\"0:0:2:1737034839\",\"1:7:19:1737034850\",\"0:1:0:1737034858\",\"0:0:6:1737034864\",\"1:6:12:1737034873\",\"1:6:15:1737034880\",\"0:3:34:1737034886\",\"1:7:25:1737034899\",\"1:6:21:1737034905\",\"1:5:32:1737034921\",\"0:3:40:1737034926\",\"0:3:43:1737034937\",\"1:5:36:1737034945\",\"0:3:45:1737034955\",\"1:5:40:1737034960\",\"0:0:12:1737034966\",\"0:3:101:1737034978\",\"1:5:44:1737034985\",\"0:1:2:1737034991\",\"1:5:0:1737034997\",\"0:1:4:1737035002\",\"1:5:2:1737035007\",\"0:0:17:1737035011\",\"1:7:29:1737035018\",\"0:0:18:1737035028\",\"1:6:24:1737035034\",\"0:0:22:1737035041\",\"1:6:27:1737035064\",\"0:1:5:1737048977\",\"1:7:30:1737048984\",\"0:0:26:1737048993\",\"1:6:29:1737049398\",\"0:0:32:1737049560\",\"j:1\",\"l:1\",\"l:1\",\"l:1\"]", NULL, "[[32,5,103,101],[103,2,29,30],[-1,-1,-1,-1],[-1,-1,-1,-1]]", 1737049568, "2025-01-30 22:13:46", NULL, "2024-12-27 18:49:20"),
	(12, "near end test", "ludo", NULL, -1, "[\"0:0:-1:1736606610\",\"1:4:12:1736606707\",\"1:4:17:1736606716\",\"0:2:0:1736606736\",\"0:2:3:1736606751\",\"1:4:22:1736606764\",\"0:2:6:1736606773\",\"1:4:24:1736606778\",\"0:2:11:1736606787\",\"1:4:28:1736606794\",\"0:2:13:1736606803\",\"1:4:31:1736606809\",\"0:2:17:1736606816\",\"1:4:35:1736606822\",\"0:2:22:1736606845\",\"1:4:37:1736606852\",\"0:2:24:1736606858\",\"1:4:43:1736606863\",\"1:4:47:1736606872\",\"0:3:0:1736606880\",\"0:2:30:1736606885\",\"0:2:33:1736606903\",\"1:4:4:1736606910\",\"0:3:3:1736606919\",\"1:4:9:1736606925\",\"0:2:39:1736606938\",\"0:2:41:1736606950\",\"1:4:10:1736606960\",\"0:2:46:1736606966\",\"1:4:15:1736606973\",\"0:0:0:1736606987\",\"0:3:5:1736607056\",\"1:4:103:1736607061\",\"0:0:6:1736607749\",\"0:0:7:1736607761\",\"1:1:-1:1736607765\",\"0:2:102:1736607768\",\"1:1:-1:1736607786\",\"0:1:100:1736607961\",\"1:4:102:1737009524\",\"0:3:6:1737009560\",\"1:1:-1:1737009568\",\"0:3:11:1737033398\",\"1:4:103:1737033408\",\"0:1:102:1737033419\",\"1:4:101:1737033491\",\"0:0:0:1737033504\",\"0:3:14:1737033510\",\"1:1:-1:1737034436\",\"0:3:15:1737034437\",\"1:4:102:1737034444\",\"0:3:20:1737034451\",\"1:1:-1:1737034505\",\"0:0:6:1737034506\",\"0:0:12:1737034516\",\"0:1:0:1737034545\",\"1:5:12:1737034555\",\"1:5:13:1737034562\",\"0:1:6:1737034565\",\"0:3:23:1737034573\",\"1:5:16:1737034582\",\"0:1:10:1737034587\",\"1:5:20:1737034594\",\"0:1:12:1737034603\",\"1:7:12:1737034608\",\"1:7:14:1737034618\",\"0:3:26:1737034624\",\"1:5:25:1737034630\",\"0:3:29:1737034637\",\"1:4:103:1737034646\",\"0:3:31:1737034651\",\"1:5:30:1737034823\",\"0:0:0:1737034834\",\"0:0:2:1737034839\",\"1:7:19:1737034850\",\"0:1:0:1737034858\",\"0:0:6:1737034864\",\"1:6:12:1737034873\",\"1:6:15:1737034880\",\"0:3:34:1737034886\",\"1:7:25:1737034899\",\"1:6:21:1737034905\",\"1:5:32:1737034921\",\"0:3:40:1737034926\",\"0:3:43:1737034937\",\"1:5:36:1737034945\",\"0:3:45:1737034955\",\"1:5:40:1737034960\",\"0:0:12:1737034966\",\"0:3:101:1737034978\",\"1:5:44:1737034985\",\"0:1:2:1737034991\",\"1:5:0:1737034997\",\"0:1:4:1737035002\",\"1:5:2:1737035007\",\"0:0:17:1737035011\",\"1:7:29:1737035018\",\"0:0:18:1737035028\",\"1:6:24:1737035034\",\"0:0:22:1737035041\",\"1:6:27:1737035064\",\"0:1:5:1737048977\",\"1:7:30:1737048984\",\"0:0:26:1737048993\",\"1:6:29:1737049398\",\"0:0:32:1737049560\",\"j:1\",\"l:1\",\"l:1\",\"l:1\"]", NULL, "[[32,5,103,101],[103,2,29,30],[-1,-1,-1,-1],[-1,-1,-1,-1]]", 1737049568, "2025-01-30 22:13:46", NULL, "2024-12-27 18:49:20"),
	(13, "near end test", "ludo", NULL, -1, "[\"0:0:-1:1736606610\",\"1:4:12:1736606707\",\"1:4:17:1736606716\",\"0:2:0:1736606736\",\"0:2:3:1736606751\",\"1:4:22:1736606764\",\"0:2:6:1736606773\",\"1:4:24:1736606778\",\"0:2:11:1736606787\",\"1:4:28:1736606794\",\"0:2:13:1736606803\",\"1:4:31:1736606809\",\"0:2:17:1736606816\",\"1:4:35:1736606822\",\"0:2:22:1736606845\",\"1:4:37:1736606852\",\"0:2:24:1736606858\",\"1:4:43:1736606863\",\"1:4:47:1736606872\",\"0:3:0:1736606880\",\"0:2:30:1736606885\",\"0:2:33:1736606903\",\"1:4:4:1736606910\",\"0:3:3:1736606919\",\"1:4:9:1736606925\",\"0:2:39:1736606938\",\"0:2:41:1736606950\",\"1:4:10:1736606960\",\"0:2:46:1736606966\",\"1:4:15:1736606973\",\"0:0:0:1736606987\",\"0:3:5:1736607056\",\"1:4:103:1736607061\",\"0:0:6:1736607749\",\"0:0:7:1736607761\",\"1:1:-1:1736607765\",\"0:2:102:1736607768\",\"1:1:-1:1736607786\",\"0:1:100:1736607961\",\"1:4:102:1737009524\",\"0:3:6:1737009560\",\"1:1:-1:1737009568\",\"0:3:11:1737033398\",\"1:4:103:1737033408\",\"0:1:102:1737033419\",\"1:4:101:1737033491\",\"0:0:0:1737033504\",\"0:3:14:1737033510\",\"1:1:-1:1737034436\",\"0:3:15:1737034437\",\"1:4:102:1737034444\",\"0:3:20:1737034451\",\"1:1:-1:1737034505\",\"0:0:6:1737034506\",\"0:0:12:1737034516\",\"0:1:0:1737034545\",\"1:5:12:1737034555\",\"1:5:13:1737034562\",\"0:1:6:1737034565\",\"0:3:23:1737034573\",\"1:5:16:1737034582\",\"0:1:10:1737034587\",\"1:5:20:1737034594\",\"0:1:12:1737034603\",\"1:7:12:1737034608\",\"1:7:14:1737034618\",\"0:3:26:1737034624\",\"1:5:25:1737034630\",\"0:3:29:1737034637\",\"1:4:103:1737034646\",\"0:3:31:1737034651\",\"1:5:30:1737034823\",\"0:0:0:1737034834\",\"0:0:2:1737034839\",\"1:7:19:1737034850\",\"0:1:0:1737034858\",\"0:0:6:1737034864\",\"1:6:12:1737034873\",\"1:6:15:1737034880\",\"0:3:34:1737034886\",\"1:7:25:1737034899\",\"1:6:21:1737034905\",\"1:5:32:1737034921\",\"0:3:40:1737034926\",\"0:3:43:1737034937\",\"1:5:36:1737034945\",\"0:3:45:1737034955\",\"1:5:40:1737034960\",\"0:0:12:1737034966\",\"0:3:101:1737034978\",\"1:5:44:1737034985\",\"0:1:2:1737034991\",\"1:5:0:1737034997\",\"0:1:4:1737035002\",\"1:5:2:1737035007\",\"0:0:17:1737035011\",\"1:7:29:1737035018\",\"0:0:18:1737035028\",\"1:6:24:1737035034\",\"0:0:22:1737035041\",\"1:6:27:1737035064\",\"0:1:5:1737048977\",\"1:7:30:1737048984\",\"0:0:26:1737048993\",\"1:6:29:1737049398\",\"0:0:32:1737049560\",\"j:1\",\"l:1\",\"l:1\",\"l:1\"]", NULL, "[[32,5,103,101],[103,2,29,30],[-1,-1,-1,-1],[-1,-1,-1,-1]]", 1737049568, "2025-01-30 22:13:46", NULL, "2024-12-27 18:49:20"),
	(14, "near end test", "ludo", NULL, -1, "[\"0:0:-1:1736606610\",\"1:4:12:1736606707\",\"1:4:17:1736606716\",\"0:2:0:1736606736\",\"0:2:3:1736606751\",\"1:4:22:1736606764\",\"0:2:6:1736606773\",\"1:4:24:1736606778\",\"0:2:11:1736606787\",\"1:4:28:1736606794\",\"0:2:13:1736606803\",\"1:4:31:1736606809\",\"0:2:17:1736606816\",\"1:4:35:1736606822\",\"0:2:22:1736606845\",\"1:4:37:1736606852\",\"0:2:24:1736606858\",\"1:4:43:1736606863\",\"1:4:47:1736606872\",\"0:3:0:1736606880\",\"0:2:30:1736606885\",\"0:2:33:1736606903\",\"1:4:4:1736606910\",\"0:3:3:1736606919\",\"1:4:9:1736606925\",\"0:2:39:1736606938\",\"0:2:41:1736606950\",\"1:4:10:1736606960\",\"0:2:46:1736606966\",\"1:4:15:1736606973\",\"0:0:0:1736606987\",\"0:3:5:1736607056\",\"1:4:103:1736607061\",\"0:0:6:1736607749\",\"0:0:7:1736607761\",\"1:1:-1:1736607765\",\"0:2:102:1736607768\",\"1:1:-1:1736607786\",\"0:1:100:1736607961\",\"1:4:102:1737009524\",\"0:3:6:1737009560\",\"1:1:-1:1737009568\",\"0:3:11:1737033398\",\"1:4:103:1737033408\",\"0:1:102:1737033419\",\"1:4:101:1737033491\",\"0:0:0:1737033504\",\"0:3:14:1737033510\",\"1:1:-1:1737034436\",\"0:3:15:1737034437\",\"1:4:102:1737034444\",\"0:3:20:1737034451\",\"1:1:-1:1737034505\",\"0:0:6:1737034506\",\"0:0:12:1737034516\",\"0:1:0:1737034545\",\"1:5:12:1737034555\",\"1:5:13:1737034562\",\"0:1:6:1737034565\",\"0:3:23:1737034573\",\"1:5:16:1737034582\",\"0:1:10:1737034587\",\"1:5:20:1737034594\",\"0:1:12:1737034603\",\"1:7:12:1737034608\",\"1:7:14:1737034618\",\"0:3:26:1737034624\",\"1:5:25:1737034630\",\"0:3:29:1737034637\",\"1:4:103:1737034646\",\"0:3:31:1737034651\",\"1:5:30:1737034823\",\"0:0:0:1737034834\",\"0:0:2:1737034839\",\"1:7:19:1737034850\",\"0:1:0:1737034858\",\"0:0:6:1737034864\",\"1:6:12:1737034873\",\"1:6:15:1737034880\",\"0:3:34:1737034886\",\"1:7:25:1737034899\",\"1:6:21:1737034905\",\"1:5:32:1737034921\",\"0:3:40:1737034926\",\"0:3:43:1737034937\",\"1:5:36:1737034945\",\"0:3:45:1737034955\",\"1:5:40:1737034960\",\"0:0:12:1737034966\",\"0:3:101:1737034978\",\"1:5:44:1737034985\",\"0:1:2:1737034991\",\"1:5:0:1737034997\",\"0:1:4:1737035002\",\"1:5:2:1737035007\",\"0:0:17:1737035011\",\"1:7:29:1737035018\",\"0:0:18:1737035028\",\"1:6:24:1737035034\",\"0:0:22:1737035041\",\"1:6:27:1737035064\",\"0:1:5:1737048977\",\"1:7:30:1737048984\",\"0:0:26:1737048993\",\"1:6:29:1737049398\",\"0:0:32:1737049560\",\"j:1\",\"l:1\",\"l:1\",\"l:1\"]", NULL, "[[32,5,103,101],[103,2,29,30],[-1,-1,-1,-1],[-1,-1,-1,-1]]", 1737049568, "2025-01-30 22:13:46", NULL, "2024-12-27 18:49:20"),
	(15, "near end test", "ludo", NULL, -1, "[\"0:0:-1:1736606610\",\"1:4:12:1736606707\",\"1:4:17:1736606716\",\"0:2:0:1736606736\",\"0:2:3:1736606751\",\"1:4:22:1736606764\",\"0:2:6:1736606773\",\"1:4:24:1736606778\",\"0:2:11:1736606787\",\"1:4:28:1736606794\",\"0:2:13:1736606803\",\"1:4:31:1736606809\",\"0:2:17:1736606816\",\"1:4:35:1736606822\",\"0:2:22:1736606845\",\"1:4:37:1736606852\",\"0:2:24:1736606858\",\"1:4:43:1736606863\",\"1:4:47:1736606872\",\"0:3:0:1736606880\",\"0:2:30:1736606885\",\"0:2:33:1736606903\",\"1:4:4:1736606910\",\"0:3:3:1736606919\",\"1:4:9:1736606925\",\"0:2:39:1736606938\",\"0:2:41:1736606950\",\"1:4:10:1736606960\",\"0:2:46:1736606966\",\"1:4:15:1736606973\",\"0:0:0:1736606987\",\"0:3:5:1736607056\",\"1:4:103:1736607061\",\"0:0:6:1736607749\",\"0:0:7:1736607761\",\"1:1:-1:1736607765\",\"0:2:102:1736607768\",\"1:1:-1:1736607786\",\"0:1:100:1736607961\",\"1:4:102:1737009524\",\"0:3:6:1737009560\",\"1:1:-1:1737009568\",\"0:3:11:1737033398\",\"1:4:103:1737033408\",\"0:1:102:1737033419\",\"1:4:101:1737033491\",\"0:0:0:1737033504\",\"0:3:14:1737033510\",\"1:1:-1:1737034436\",\"0:3:15:1737034437\",\"1:4:102:1737034444\",\"0:3:20:1737034451\",\"1:1:-1:1737034505\",\"0:0:6:1737034506\",\"0:0:12:1737034516\",\"0:1:0:1737034545\",\"1:5:12:1737034555\",\"1:5:13:1737034562\",\"0:1:6:1737034565\",\"0:3:23:1737034573\",\"1:5:16:1737034582\",\"0:1:10:1737034587\",\"1:5:20:1737034594\",\"0:1:12:1737034603\",\"1:7:12:1737034608\",\"1:7:14:1737034618\",\"0:3:26:1737034624\",\"1:5:25:1737034630\",\"0:3:29:1737034637\",\"1:4:103:1737034646\",\"0:3:31:1737034651\",\"1:5:30:1737034823\",\"0:0:0:1737034834\",\"0:0:2:1737034839\",\"1:7:19:1737034850\",\"0:1:0:1737034858\",\"0:0:6:1737034864\",\"1:6:12:1737034873\",\"1:6:15:1737034880\",\"0:3:34:1737034886\",\"1:7:25:1737034899\",\"1:6:21:1737034905\",\"1:5:32:1737034921\",\"0:3:40:1737034926\",\"0:3:43:1737034937\",\"1:5:36:1737034945\",\"0:3:45:1737034955\",\"1:5:40:1737034960\",\"0:0:12:1737034966\",\"0:3:101:1737034978\",\"1:5:44:1737034985\",\"0:1:2:1737034991\",\"1:5:0:1737034997\",\"0:1:4:1737035002\",\"1:5:2:1737035007\",\"0:0:17:1737035011\",\"1:7:29:1737035018\",\"0:0:18:1737035028\",\"1:6:24:1737035034\",\"0:0:22:1737035041\",\"1:6:27:1737035064\",\"0:1:5:1737048977\",\"1:7:30:1737048984\",\"0:0:26:1737048993\",\"1:6:29:1737049398\",\"0:0:32:1737049560\",\"j:1\",\"l:1\",\"l:1\",\"l:1\"]", NULL, "[[32,5,103,101],[103,2,29,30],[-1,-1,-1,-1],[-1,-1,-1,-1]]", 1737049568, "2025-01-30 22:13:46", NULL, "2024-12-27 18:49:20"),
	(16, "near end test", "ludo", NULL, -1, "[\"0:0:-1:1736606610\",\"1:4:12:1736606707\",\"1:4:17:1736606716\",\"0:2:0:1736606736\",\"0:2:3:1736606751\",\"1:4:22:1736606764\",\"0:2:6:1736606773\",\"1:4:24:1736606778\",\"0:2:11:1736606787\",\"1:4:28:1736606794\",\"0:2:13:1736606803\",\"1:4:31:1736606809\",\"0:2:17:1736606816\",\"1:4:35:1736606822\",\"0:2:22:1736606845\",\"1:4:37:1736606852\",\"0:2:24:1736606858\",\"1:4:43:1736606863\",\"1:4:47:1736606872\",\"0:3:0:1736606880\",\"0:2:30:1736606885\",\"0:2:33:1736606903\",\"1:4:4:1736606910\",\"0:3:3:1736606919\",\"1:4:9:1736606925\",\"0:2:39:1736606938\",\"0:2:41:1736606950\",\"1:4:10:1736606960\",\"0:2:46:1736606966\",\"1:4:15:1736606973\",\"0:0:0:1736606987\",\"0:3:5:1736607056\",\"1:4:103:1736607061\",\"0:0:6:1736607749\",\"0:0:7:1736607761\",\"1:1:-1:1736607765\",\"0:2:102:1736607768\",\"1:1:-1:1736607786\",\"0:1:100:1736607961\",\"1:4:102:1737009524\",\"0:3:6:1737009560\",\"1:1:-1:1737009568\",\"0:3:11:1737033398\",\"1:4:103:1737033408\",\"0:1:102:1737033419\",\"1:4:101:1737033491\",\"0:0:0:1737033504\",\"0:3:14:1737033510\",\"1:1:-1:1737034436\",\"0:3:15:1737034437\",\"1:4:102:1737034444\",\"0:3:20:1737034451\",\"1:1:-1:1737034505\",\"0:0:6:1737034506\",\"0:0:12:1737034516\",\"0:1:0:1737034545\",\"1:5:12:1737034555\",\"1:5:13:1737034562\",\"0:1:6:1737034565\",\"0:3:23:1737034573\",\"1:5:16:1737034582\",\"0:1:10:1737034587\",\"1:5:20:1737034594\",\"0:1:12:1737034603\",\"1:7:12:1737034608\",\"1:7:14:1737034618\",\"0:3:26:1737034624\",\"1:5:25:1737034630\",\"0:3:29:1737034637\",\"1:4:103:1737034646\",\"0:3:31:1737034651\",\"1:5:30:1737034823\",\"0:0:0:1737034834\",\"0:0:2:1737034839\",\"1:7:19:1737034850\",\"0:1:0:1737034858\",\"0:0:6:1737034864\",\"1:6:12:1737034873\",\"1:6:15:1737034880\",\"0:3:34:1737034886\",\"1:7:25:1737034899\",\"1:6:21:1737034905\",\"1:5:32:1737034921\",\"0:3:40:1737034926\",\"0:3:43:1737034937\",\"1:5:36:1737034945\",\"0:3:45:1737034955\",\"1:5:40:1737034960\",\"0:0:12:1737034966\",\"0:3:101:1737034978\",\"1:5:44:1737034985\",\"0:1:2:1737034991\",\"1:5:0:1737034997\",\"0:1:4:1737035002\",\"1:5:2:1737035007\",\"0:0:17:1737035011\",\"1:7:29:1737035018\",\"0:0:18:1737035028\",\"1:6:24:1737035034\",\"0:0:22:1737035041\",\"1:6:27:1737035064\",\"0:1:5:1737048977\",\"1:7:30:1737048984\",\"0:0:26:1737048993\",\"1:6:29:1737049398\",\"0:0:32:1737049560\",\"j:1\",\"l:1\",\"l:1\",\"l:1\"]", NULL, "[[32,5,103,101],[103,2,29,30],[-1,-1,-1,-1],[-1,-1,-1,-1]]", 1737049568, "2025-01-30 22:13:46", NULL, "2024-12-27 18:49:20"),
	(17, "near end test", "ludo", NULL, -1, "[\"0:0:-1:1736606610\",\"1:4:12:1736606707\",\"1:4:17:1736606716\",\"0:2:0:1736606736\",\"0:2:3:1736606751\",\"1:4:22:1736606764\",\"0:2:6:1736606773\",\"1:4:24:1736606778\",\"0:2:11:1736606787\",\"1:4:28:1736606794\",\"0:2:13:1736606803\",\"1:4:31:1736606809\",\"0:2:17:1736606816\",\"1:4:35:1736606822\",\"0:2:22:1736606845\",\"1:4:37:1736606852\",\"0:2:24:1736606858\",\"1:4:43:1736606863\",\"1:4:47:1736606872\",\"0:3:0:1736606880\",\"0:2:30:1736606885\",\"0:2:33:1736606903\",\"1:4:4:1736606910\",\"0:3:3:1736606919\",\"1:4:9:1736606925\",\"0:2:39:1736606938\",\"0:2:41:1736606950\",\"1:4:10:1736606960\",\"0:2:46:1736606966\",\"1:4:15:1736606973\",\"0:0:0:1736606987\",\"0:3:5:1736607056\",\"1:4:103:1736607061\",\"0:0:6:1736607749\",\"0:0:7:1736607761\",\"1:1:-1:1736607765\",\"0:2:102:1736607768\",\"1:1:-1:1736607786\",\"0:1:100:1736607961\",\"1:4:102:1737009524\",\"0:3:6:1737009560\",\"1:1:-1:1737009568\",\"0:3:11:1737033398\",\"1:4:103:1737033408\",\"0:1:102:1737033419\",\"1:4:101:1737033491\",\"0:0:0:1737033504\",\"0:3:14:1737033510\",\"1:1:-1:1737034436\",\"0:3:15:1737034437\",\"1:4:102:1737034444\",\"0:3:20:1737034451\",\"1:1:-1:1737034505\",\"0:0:6:1737034506\",\"0:0:12:1737034516\",\"0:1:0:1737034545\",\"1:5:12:1737034555\",\"1:5:13:1737034562\",\"0:1:6:1737034565\",\"0:3:23:1737034573\",\"1:5:16:1737034582\",\"0:1:10:1737034587\",\"1:5:20:1737034594\",\"0:1:12:1737034603\",\"1:7:12:1737034608\",\"1:7:14:1737034618\",\"0:3:26:1737034624\",\"1:5:25:1737034630\",\"0:3:29:1737034637\",\"1:4:103:1737034646\",\"0:3:31:1737034651\",\"1:5:30:1737034823\",\"0:0:0:1737034834\",\"0:0:2:1737034839\",\"1:7:19:1737034850\",\"0:1:0:1737034858\",\"0:0:6:1737034864\",\"1:6:12:1737034873\",\"1:6:15:1737034880\",\"0:3:34:1737034886\",\"1:7:25:1737034899\",\"1:6:21:1737034905\",\"1:5:32:1737034921\",\"0:3:40:1737034926\",\"0:3:43:1737034937\",\"1:5:36:1737034945\",\"0:3:45:1737034955\",\"1:5:40:1737034960\",\"0:0:12:1737034966\",\"0:3:101:1737034978\",\"1:5:44:1737034985\",\"0:1:2:1737034991\",\"1:5:0:1737034997\",\"0:1:4:1737035002\",\"1:5:2:1737035007\",\"0:0:17:1737035011\",\"1:7:29:1737035018\",\"0:0:18:1737035028\",\"1:6:24:1737035034\",\"0:0:22:1737035041\",\"1:6:27:1737035064\",\"0:1:5:1737048977\",\"1:7:30:1737048984\",\"0:0:26:1737048993\",\"1:6:29:1737049398\",\"0:0:32:1737049560\",\"j:1\",\"l:1\",\"l:1\",\"l:1\"]", NULL, "[[32,5,103,101],[103,2,29,30],[-1,-1,-1,-1],[-1,-1,-1,-1]]", 1737049568, "2025-01-30 22:13:46", NULL, "2024-12-27 18:49:20"),
	(18, "near end test", "ludo", NULL, -1, "[\"0:0:-1:1736606610\",\"1:4:12:1736606707\",\"1:4:17:1736606716\",\"0:2:0:1736606736\",\"0:2:3:1736606751\",\"1:4:22:1736606764\",\"0:2:6:1736606773\",\"1:4:24:1736606778\",\"0:2:11:1736606787\",\"1:4:28:1736606794\",\"0:2:13:1736606803\",\"1:4:31:1736606809\",\"0:2:17:1736606816\",\"1:4:35:1736606822\",\"0:2:22:1736606845\",\"1:4:37:1736606852\",\"0:2:24:1736606858\",\"1:4:43:1736606863\",\"1:4:47:1736606872\",\"0:3:0:1736606880\",\"0:2:30:1736606885\",\"0:2:33:1736606903\",\"1:4:4:1736606910\",\"0:3:3:1736606919\",\"1:4:9:1736606925\",\"0:2:39:1736606938\",\"0:2:41:1736606950\",\"1:4:10:1736606960\",\"0:2:46:1736606966\",\"1:4:15:1736606973\",\"0:0:0:1736606987\",\"0:3:5:1736607056\",\"1:4:103:1736607061\",\"0:0:6:1736607749\",\"0:0:7:1736607761\",\"1:1:-1:1736607765\",\"0:2:102:1736607768\",\"1:1:-1:1736607786\",\"0:1:100:1736607961\",\"1:4:102:1737009524\",\"0:3:6:1737009560\",\"1:1:-1:1737009568\",\"0:3:11:1737033398\",\"1:4:103:1737033408\",\"0:1:102:1737033419\",\"1:4:101:1737033491\",\"0:0:0:1737033504\",\"0:3:14:1737033510\",\"1:1:-1:1737034436\",\"0:3:15:1737034437\",\"1:4:102:1737034444\",\"0:3:20:1737034451\",\"1:1:-1:1737034505\",\"0:0:6:1737034506\",\"0:0:12:1737034516\",\"0:1:0:1737034545\",\"1:5:12:1737034555\",\"1:5:13:1737034562\",\"0:1:6:1737034565\",\"0:3:23:1737034573\",\"1:5:16:1737034582\",\"0:1:10:1737034587\",\"1:5:20:1737034594\",\"0:1:12:1737034603\",\"1:7:12:1737034608\",\"1:7:14:1737034618\",\"0:3:26:1737034624\",\"1:5:25:1737034630\",\"0:3:29:1737034637\",\"1:4:103:1737034646\",\"0:3:31:1737034651\",\"1:5:30:1737034823\",\"0:0:0:1737034834\",\"0:0:2:1737034839\",\"1:7:19:1737034850\",\"0:1:0:1737034858\",\"0:0:6:1737034864\",\"1:6:12:1737034873\",\"1:6:15:1737034880\",\"0:3:34:1737034886\",\"1:7:25:1737034899\",\"1:6:21:1737034905\",\"1:5:32:1737034921\",\"0:3:40:1737034926\",\"0:3:43:1737034937\",\"1:5:36:1737034945\",\"0:3:45:1737034955\",\"1:5:40:1737034960\",\"0:0:12:1737034966\",\"0:3:101:1737034978\",\"1:5:44:1737034985\",\"0:1:2:1737034991\",\"1:5:0:1737034997\",\"0:1:4:1737035002\",\"1:5:2:1737035007\",\"0:0:17:1737035011\",\"1:7:29:1737035018\",\"0:0:18:1737035028\",\"1:6:24:1737035034\",\"0:0:22:1737035041\",\"1:6:27:1737035064\",\"0:1:5:1737048977\",\"1:7:30:1737048984\",\"0:0:26:1737048993\",\"1:6:29:1737049398\",\"0:0:32:1737049560\",\"j:1\",\"l:1\",\"l:1\",\"l:1\"]", NULL, "[[32,5,103,101],[103,2,29,30],[-1,-1,-1,-1],[-1,-1,-1,-1]]", 1737049568, "2025-01-30 22:13:46", NULL, "2024-12-27 18:49:20"),
	(19, "near end test", "ludo", NULL, -1, "[\"0:0:-1:1736606610\",\"1:4:12:1736606707\",\"1:4:17:1736606716\",\"0:2:0:1736606736\",\"0:2:3:1736606751\",\"1:4:22:1736606764\",\"0:2:6:1736606773\",\"1:4:24:1736606778\",\"0:2:11:1736606787\",\"1:4:28:1736606794\",\"0:2:13:1736606803\",\"1:4:31:1736606809\",\"0:2:17:1736606816\",\"1:4:35:1736606822\",\"0:2:22:1736606845\",\"1:4:37:1736606852\",\"0:2:24:1736606858\",\"1:4:43:1736606863\",\"1:4:47:1736606872\",\"0:3:0:1736606880\",\"0:2:30:1736606885\",\"0:2:33:1736606903\",\"1:4:4:1736606910\",\"0:3:3:1736606919\",\"1:4:9:1736606925\",\"0:2:39:1736606938\",\"0:2:41:1736606950\",\"1:4:10:1736606960\",\"0:2:46:1736606966\",\"1:4:15:1736606973\",\"0:0:0:1736606987\",\"0:3:5:1736607056\",\"1:4:103:1736607061\",\"0:0:6:1736607749\",\"0:0:7:1736607761\",\"1:1:-1:1736607765\",\"0:2:102:1736607768\",\"1:1:-1:1736607786\",\"0:1:100:1736607961\",\"1:4:102:1737009524\",\"0:3:6:1737009560\",\"1:1:-1:1737009568\",\"0:3:11:1737033398\",\"1:4:103:1737033408\",\"0:1:102:1737033419\",\"1:4:101:1737033491\",\"0:0:0:1737033504\",\"0:3:14:1737033510\",\"1:1:-1:1737034436\",\"0:3:15:1737034437\",\"1:4:102:1737034444\",\"0:3:20:1737034451\",\"1:1:-1:1737034505\",\"0:0:6:1737034506\",\"0:0:12:1737034516\",\"0:1:0:1737034545\",\"1:5:12:1737034555\",\"1:5:13:1737034562\",\"0:1:6:1737034565\",\"0:3:23:1737034573\",\"1:5:16:1737034582\",\"0:1:10:1737034587\",\"1:5:20:1737034594\",\"0:1:12:1737034603\",\"1:7:12:1737034608\",\"1:7:14:1737034618\",\"0:3:26:1737034624\",\"1:5:25:1737034630\",\"0:3:29:1737034637\",\"1:4:103:1737034646\",\"0:3:31:1737034651\",\"1:5:30:1737034823\",\"0:0:0:1737034834\",\"0:0:2:1737034839\",\"1:7:19:1737034850\",\"0:1:0:1737034858\",\"0:0:6:1737034864\",\"1:6:12:1737034873\",\"1:6:15:1737034880\",\"0:3:34:1737034886\",\"1:7:25:1737034899\",\"1:6:21:1737034905\",\"1:5:32:1737034921\",\"0:3:40:1737034926\",\"0:3:43:1737034937\",\"1:5:36:1737034945\",\"0:3:45:1737034955\",\"1:5:40:1737034960\",\"0:0:12:1737034966\",\"0:3:101:1737034978\",\"1:5:44:1737034985\",\"0:1:2:1737034991\",\"1:5:0:1737034997\",\"0:1:4:1737035002\",\"1:5:2:1737035007\",\"0:0:17:1737035011\",\"1:7:29:1737035018\",\"0:0:18:1737035028\",\"1:6:24:1737035034\",\"0:0:22:1737035041\",\"1:6:27:1737035064\",\"0:1:5:1737048977\",\"1:7:30:1737048984\",\"0:0:26:1737048993\",\"1:6:29:1737049398\",\"0:0:32:1737049560\",\"j:1\",\"l:1\",\"l:1\",\"l:1\"]", NULL, "[[32,5,103,101],[103,2,29,30],[-1,-1,-1,-1],[-1,-1,-1,-1]]", 1737049568, "2025-01-30 22:13:46", NULL, "2024-12-27 18:49:20"),
	(20, "near end test", "ludo", NULL, -1, "[\"0:0:-1:1736606610\",\"1:4:12:1736606707\",\"1:4:17:1736606716\",\"0:2:0:1736606736\",\"0:2:3:1736606751\",\"1:4:22:1736606764\",\"0:2:6:1736606773\",\"1:4:24:1736606778\",\"0:2:11:1736606787\",\"1:4:28:1736606794\",\"0:2:13:1736606803\",\"1:4:31:1736606809\",\"0:2:17:1736606816\",\"1:4:35:1736606822\",\"0:2:22:1736606845\",\"1:4:37:1736606852\",\"0:2:24:1736606858\",\"1:4:43:1736606863\",\"1:4:47:1736606872\",\"0:3:0:1736606880\",\"0:2:30:1736606885\",\"0:2:33:1736606903\",\"1:4:4:1736606910\",\"0:3:3:1736606919\",\"1:4:9:1736606925\",\"0:2:39:1736606938\",\"0:2:41:1736606950\",\"1:4:10:1736606960\",\"0:2:46:1736606966\",\"1:4:15:1736606973\",\"0:0:0:1736606987\",\"0:3:5:1736607056\",\"1:4:103:1736607061\",\"0:0:6:1736607749\",\"0:0:7:1736607761\",\"1:1:-1:1736607765\",\"0:2:102:1736607768\",\"1:1:-1:1736607786\",\"0:1:100:1736607961\",\"1:4:102:1737009524\",\"0:3:6:1737009560\",\"1:1:-1:1737009568\",\"0:3:11:1737033398\",\"1:4:103:1737033408\",\"0:1:102:1737033419\",\"1:4:101:1737033491\",\"0:0:0:1737033504\",\"0:3:14:1737033510\",\"1:1:-1:1737034436\",\"0:3:15:1737034437\",\"1:4:102:1737034444\",\"0:3:20:1737034451\",\"1:1:-1:1737034505\",\"0:0:6:1737034506\",\"0:0:12:1737034516\",\"0:1:0:1737034545\",\"1:5:12:1737034555\",\"1:5:13:1737034562\",\"0:1:6:1737034565\",\"0:3:23:1737034573\",\"1:5:16:1737034582\",\"0:1:10:1737034587\",\"1:5:20:1737034594\",\"0:1:12:1737034603\",\"1:7:12:1737034608\",\"1:7:14:1737034618\",\"0:3:26:1737034624\",\"1:5:25:1737034630\",\"0:3:29:1737034637\",\"1:4:103:1737034646\",\"0:3:31:1737034651\",\"1:5:30:1737034823\",\"0:0:0:1737034834\",\"0:0:2:1737034839\",\"1:7:19:1737034850\",\"0:1:0:1737034858\",\"0:0:6:1737034864\",\"1:6:12:1737034873\",\"1:6:15:1737034880\",\"0:3:34:1737034886\",\"1:7:25:1737034899\",\"1:6:21:1737034905\",\"1:5:32:1737034921\",\"0:3:40:1737034926\",\"0:3:43:1737034937\",\"1:5:36:1737034945\",\"0:3:45:1737034955\",\"1:5:40:1737034960\",\"0:0:12:1737034966\",\"0:3:101:1737034978\",\"1:5:44:1737034985\",\"0:1:2:1737034991\",\"1:5:0:1737034997\",\"0:1:4:1737035002\",\"1:5:2:1737035007\",\"0:0:17:1737035011\",\"1:7:29:1737035018\",\"0:0:18:1737035028\",\"1:6:24:1737035034\",\"0:0:22:1737035041\",\"1:6:27:1737035064\",\"0:1:5:1737048977\",\"1:7:30:1737048984\",\"0:0:26:1737048993\",\"1:6:29:1737049398\",\"0:0:32:1737049560\",\"j:1\",\"l:1\",\"l:1\",\"l:1\"]", NULL, "[[32,5,103,101],[103,2,29,30],[-1,-1,-1,-1],[-1,-1,-1,-1]]", 1737049568, "2025-01-30 22:13:46", NULL, "2024-12-27 18:49:20"),
	(21, "near end test", "ludo", NULL, -1, "[\"0:0:-1:1736606610\",\"1:4:12:1736606707\",\"1:4:17:1736606716\",\"0:2:0:1736606736\",\"0:2:3:1736606751\",\"1:4:22:1736606764\",\"0:2:6:1736606773\",\"1:4:24:1736606778\",\"0:2:11:1736606787\",\"1:4:28:1736606794\",\"0:2:13:1736606803\",\"1:4:31:1736606809\",\"0:2:17:1736606816\",\"1:4:35:1736606822\",\"0:2:22:1736606845\",\"1:4:37:1736606852\",\"0:2:24:1736606858\",\"1:4:43:1736606863\",\"1:4:47:1736606872\",\"0:3:0:1736606880\",\"0:2:30:1736606885\",\"0:2:33:1736606903\",\"1:4:4:1736606910\",\"0:3:3:1736606919\",\"1:4:9:1736606925\",\"0:2:39:1736606938\",\"0:2:41:1736606950\",\"1:4:10:1736606960\",\"0:2:46:1736606966\",\"1:4:15:1736606973\",\"0:0:0:1736606987\",\"0:3:5:1736607056\",\"1:4:103:1736607061\",\"0:0:6:1736607749\",\"0:0:7:1736607761\",\"1:1:-1:1736607765\",\"0:2:102:1736607768\",\"1:1:-1:1736607786\",\"0:1:100:1736607961\",\"1:4:102:1737009524\",\"0:3:6:1737009560\",\"1:1:-1:1737009568\",\"0:3:11:1737033398\",\"1:4:103:1737033408\",\"0:1:102:1737033419\",\"1:4:101:1737033491\",\"0:0:0:1737033504\",\"0:3:14:1737033510\",\"1:1:-1:1737034436\",\"0:3:15:1737034437\",\"1:4:102:1737034444\",\"0:3:20:1737034451\",\"1:1:-1:1737034505\",\"0:0:6:1737034506\",\"0:0:12:1737034516\",\"0:1:0:1737034545\",\"1:5:12:1737034555\",\"1:5:13:1737034562\",\"0:1:6:1737034565\",\"0:3:23:1737034573\",\"1:5:16:1737034582\",\"0:1:10:1737034587\",\"1:5:20:1737034594\",\"0:1:12:1737034603\",\"1:7:12:1737034608\",\"1:7:14:1737034618\",\"0:3:26:1737034624\",\"1:5:25:1737034630\",\"0:3:29:1737034637\",\"1:4:103:1737034646\",\"0:3:31:1737034651\",\"1:5:30:1737034823\",\"0:0:0:1737034834\",\"0:0:2:1737034839\",\"1:7:19:1737034850\",\"0:1:0:1737034858\",\"0:0:6:1737034864\",\"1:6:12:1737034873\",\"1:6:15:1737034880\",\"0:3:34:1737034886\",\"1:7:25:1737034899\",\"1:6:21:1737034905\",\"1:5:32:1737034921\",\"0:3:40:1737034926\",\"0:3:43:1737034937\",\"1:5:36:1737034945\",\"0:3:45:1737034955\",\"1:5:40:1737034960\",\"0:0:12:1737034966\",\"0:3:101:1737034978\",\"1:5:44:1737034985\",\"0:1:2:1737034991\",\"1:5:0:1737034997\",\"0:1:4:1737035002\",\"1:5:2:1737035007\",\"0:0:17:1737035011\",\"1:7:29:1737035018\",\"0:0:18:1737035028\",\"1:6:24:1737035034\",\"0:0:22:1737035041\",\"1:6:27:1737035064\",\"0:1:5:1737048977\",\"1:7:30:1737048984\",\"0:0:26:1737048993\",\"1:6:29:1737049398\",\"0:0:32:1737049560\",\"j:1\",\"l:1\",\"l:1\",\"l:1\"]", NULL, "[[32,5,103,101],[103,2,29,30],[-1,-1,-1,-1],[-1,-1,-1,-1]]", 1737049568, "2025-01-30 22:13:46", NULL, "2024-12-27 18:49:20"),
	(22, "near end test", "ludo", NULL, -1, "[\"0:0:-1:1736606610\",\"1:4:12:1736606707\",\"1:4:17:1736606716\",\"0:2:0:1736606736\",\"0:2:3:1736606751\",\"1:4:22:1736606764\",\"0:2:6:1736606773\",\"1:4:24:1736606778\",\"0:2:11:1736606787\",\"1:4:28:1736606794\",\"0:2:13:1736606803\",\"1:4:31:1736606809\",\"0:2:17:1736606816\",\"1:4:35:1736606822\",\"0:2:22:1736606845\",\"1:4:37:1736606852\",\"0:2:24:1736606858\",\"1:4:43:1736606863\",\"1:4:47:1736606872\",\"0:3:0:1736606880\",\"0:2:30:1736606885\",\"0:2:33:1736606903\",\"1:4:4:1736606910\",\"0:3:3:1736606919\",\"1:4:9:1736606925\",\"0:2:39:1736606938\",\"0:2:41:1736606950\",\"1:4:10:1736606960\",\"0:2:46:1736606966\",\"1:4:15:1736606973\",\"0:0:0:1736606987\",\"0:3:5:1736607056\",\"1:4:103:1736607061\",\"0:0:6:1736607749\",\"0:0:7:1736607761\",\"1:1:-1:1736607765\",\"0:2:102:1736607768\",\"1:1:-1:1736607786\",\"0:1:100:1736607961\",\"1:4:102:1737009524\",\"0:3:6:1737009560\",\"1:1:-1:1737009568\",\"0:3:11:1737033398\",\"1:4:103:1737033408\",\"0:1:102:1737033419\",\"1:4:101:1737033491\",\"0:0:0:1737033504\",\"0:3:14:1737033510\",\"1:1:-1:1737034436\",\"0:3:15:1737034437\",\"1:4:102:1737034444\",\"0:3:20:1737034451\",\"1:1:-1:1737034505\",\"0:0:6:1737034506\",\"0:0:12:1737034516\",\"0:1:0:1737034545\",\"1:5:12:1737034555\",\"1:5:13:1737034562\",\"0:1:6:1737034565\",\"0:3:23:1737034573\",\"1:5:16:1737034582\",\"0:1:10:1737034587\",\"1:5:20:1737034594\",\"0:1:12:1737034603\",\"1:7:12:1737034608\",\"1:7:14:1737034618\",\"0:3:26:1737034624\",\"1:5:25:1737034630\",\"0:3:29:1737034637\",\"1:4:103:1737034646\",\"0:3:31:1737034651\",\"1:5:30:1737034823\",\"0:0:0:1737034834\",\"0:0:2:1737034839\",\"1:7:19:1737034850\",\"0:1:0:1737034858\",\"0:0:6:1737034864\",\"1:6:12:1737034873\",\"1:6:15:1737034880\",\"0:3:34:1737034886\",\"1:7:25:1737034899\",\"1:6:21:1737034905\",\"1:5:32:1737034921\",\"0:3:40:1737034926\",\"0:3:43:1737034937\",\"1:5:36:1737034945\",\"0:3:45:1737034955\",\"1:5:40:1737034960\",\"0:0:12:1737034966\",\"0:3:101:1737034978\",\"1:5:44:1737034985\",\"0:1:2:1737034991\",\"1:5:0:1737034997\",\"0:1:4:1737035002\",\"1:5:2:1737035007\",\"0:0:17:1737035011\",\"1:7:29:1737035018\",\"0:0:18:1737035028\",\"1:6:24:1737035034\",\"0:0:22:1737035041\",\"1:6:27:1737035064\",\"0:1:5:1737048977\",\"1:7:30:1737048984\",\"0:0:26:1737048993\",\"1:6:29:1737049398\",\"0:0:32:1737049560\",\"j:1\",\"l:1\",\"l:1\",\"l:1\"]", NULL, "[[32,5,103,101],[103,2,29,30],[-1,-1,-1,-1],[-1,-1,-1,-1]]", 1737049568, "2025-01-30 22:13:46", NULL, "2024-12-27 18:49:20"),
	(23, "near end test", "ludo", NULL, -1, "[\"0:0:-1:1736606610\",\"1:4:12:1736606707\",\"1:4:17:1736606716\",\"0:2:0:1736606736\",\"0:2:3:1736606751\",\"1:4:22:1736606764\",\"0:2:6:1736606773\",\"1:4:24:1736606778\",\"0:2:11:1736606787\",\"1:4:28:1736606794\",\"0:2:13:1736606803\",\"1:4:31:1736606809\",\"0:2:17:1736606816\",\"1:4:35:1736606822\",\"0:2:22:1736606845\",\"1:4:37:1736606852\",\"0:2:24:1736606858\",\"1:4:43:1736606863\",\"1:4:47:1736606872\",\"0:3:0:1736606880\",\"0:2:30:1736606885\",\"0:2:33:1736606903\",\"1:4:4:1736606910\",\"0:3:3:1736606919\",\"1:4:9:1736606925\",\"0:2:39:1736606938\",\"0:2:41:1736606950\",\"1:4:10:1736606960\",\"0:2:46:1736606966\",\"1:4:15:1736606973\",\"0:0:0:1736606987\",\"0:3:5:1736607056\",\"1:4:103:1736607061\",\"0:0:6:1736607749\",\"0:0:7:1736607761\",\"1:1:-1:1736607765\",\"0:2:102:1736607768\",\"1:1:-1:1736607786\",\"0:1:100:1736607961\",\"1:4:102:1737009524\",\"0:3:6:1737009560\",\"1:1:-1:1737009568\",\"0:3:11:1737033398\",\"1:4:103:1737033408\",\"0:1:102:1737033419\",\"1:4:101:1737033491\",\"0:0:0:1737033504\",\"0:3:14:1737033510\",\"1:1:-1:1737034436\",\"0:3:15:1737034437\",\"1:4:102:1737034444\",\"0:3:20:1737034451\",\"1:1:-1:1737034505\",\"0:0:6:1737034506\",\"0:0:12:1737034516\",\"0:1:0:1737034545\",\"1:5:12:1737034555\",\"1:5:13:1737034562\",\"0:1:6:1737034565\",\"0:3:23:1737034573\",\"1:5:16:1737034582\",\"0:1:10:1737034587\",\"1:5:20:1737034594\",\"0:1:12:1737034603\",\"1:7:12:1737034608\",\"1:7:14:1737034618\",\"0:3:26:1737034624\",\"1:5:25:1737034630\",\"0:3:29:1737034637\",\"1:4:103:1737034646\",\"0:3:31:1737034651\",\"1:5:30:1737034823\",\"0:0:0:1737034834\",\"0:0:2:1737034839\",\"1:7:19:1737034850\",\"0:1:0:1737034858\",\"0:0:6:1737034864\",\"1:6:12:1737034873\",\"1:6:15:1737034880\",\"0:3:34:1737034886\",\"1:7:25:1737034899\",\"1:6:21:1737034905\",\"1:5:32:1737034921\",\"0:3:40:1737034926\",\"0:3:43:1737034937\",\"1:5:36:1737034945\",\"0:3:45:1737034955\",\"1:5:40:1737034960\",\"0:0:12:1737034966\",\"0:3:101:1737034978\",\"1:5:44:1737034985\",\"0:1:2:1737034991\",\"1:5:0:1737034997\",\"0:1:4:1737035002\",\"1:5:2:1737035007\",\"0:0:17:1737035011\",\"1:7:29:1737035018\",\"0:0:18:1737035028\",\"1:6:24:1737035034\",\"0:0:22:1737035041\",\"1:6:27:1737035064\",\"0:1:5:1737048977\",\"1:7:30:1737048984\",\"0:0:26:1737048993\",\"1:6:29:1737049398\",\"0:0:32:1737049560\",\"j:1\",\"l:1\",\"l:1\",\"l:1\"]", NULL, "[[32,5,103,101],[103,2,29,30],[-1,-1,-1,-1],[-1,-1,-1,-1]]", 1737049568, "2025-01-30 22:13:46", NULL, "2024-12-27 18:49:20"),
	(24, "near end test", "ludo", NULL, -1, "[\"0:0:-1:1736606610\",\"1:4:12:1736606707\",\"1:4:17:1736606716\",\"0:2:0:1736606736\",\"0:2:3:1736606751\",\"1:4:22:1736606764\",\"0:2:6:1736606773\",\"1:4:24:1736606778\",\"0:2:11:1736606787\",\"1:4:28:1736606794\",\"0:2:13:1736606803\",\"1:4:31:1736606809\",\"0:2:17:1736606816\",\"1:4:35:1736606822\",\"0:2:22:1736606845\",\"1:4:37:1736606852\",\"0:2:24:1736606858\",\"1:4:43:1736606863\",\"1:4:47:1736606872\",\"0:3:0:1736606880\",\"0:2:30:1736606885\",\"0:2:33:1736606903\",\"1:4:4:1736606910\",\"0:3:3:1736606919\",\"1:4:9:1736606925\",\"0:2:39:1736606938\",\"0:2:41:1736606950\",\"1:4:10:1736606960\",\"0:2:46:1736606966\",\"1:4:15:1736606973\",\"0:0:0:1736606987\",\"0:3:5:1736607056\",\"1:4:103:1736607061\",\"0:0:6:1736607749\",\"0:0:7:1736607761\",\"1:1:-1:1736607765\",\"0:2:102:1736607768\",\"1:1:-1:1736607786\",\"0:1:100:1736607961\",\"1:4:102:1737009524\",\"0:3:6:1737009560\",\"1:1:-1:1737009568\",\"0:3:11:1737033398\",\"1:4:103:1737033408\",\"0:1:102:1737033419\",\"1:4:101:1737033491\",\"0:0:0:1737033504\",\"0:3:14:1737033510\",\"1:1:-1:1737034436\",\"0:3:15:1737034437\",\"1:4:102:1737034444\",\"0:3:20:1737034451\",\"1:1:-1:1737034505\",\"0:0:6:1737034506\",\"0:0:12:1737034516\",\"0:1:0:1737034545\",\"1:5:12:1737034555\",\"1:5:13:1737034562\",\"0:1:6:1737034565\",\"0:3:23:1737034573\",\"1:5:16:1737034582\",\"0:1:10:1737034587\",\"1:5:20:1737034594\",\"0:1:12:1737034603\",\"1:7:12:1737034608\",\"1:7:14:1737034618\",\"0:3:26:1737034624\",\"1:5:25:1737034630\",\"0:3:29:1737034637\",\"1:4:103:1737034646\",\"0:3:31:1737034651\",\"1:5:30:1737034823\",\"0:0:0:1737034834\",\"0:0:2:1737034839\",\"1:7:19:1737034850\",\"0:1:0:1737034858\",\"0:0:6:1737034864\",\"1:6:12:1737034873\",\"1:6:15:1737034880\",\"0:3:34:1737034886\",\"1:7:25:1737034899\",\"1:6:21:1737034905\",\"1:5:32:1737034921\",\"0:3:40:1737034926\",\"0:3:43:1737034937\",\"1:5:36:1737034945\",\"0:3:45:1737034955\",\"1:5:40:1737034960\",\"0:0:12:1737034966\",\"0:3:101:1737034978\",\"1:5:44:1737034985\",\"0:1:2:1737034991\",\"1:5:0:1737034997\",\"0:1:4:1737035002\",\"1:5:2:1737035007\",\"0:0:17:1737035011\",\"1:7:29:1737035018\",\"0:0:18:1737035028\",\"1:6:24:1737035034\",\"0:0:22:1737035041\",\"1:6:27:1737035064\",\"0:1:5:1737048977\",\"1:7:30:1737048984\",\"0:0:26:1737048993\",\"1:6:29:1737049398\",\"0:0:32:1737049560\",\"j:1\",\"l:1\",\"l:1\",\"l:1\"]", NULL, "[[32,5,103,101],[103,2,29,30],[-1,-1,-1,-1],[-1,-1,-1,-1]]", 1737049568, "2025-01-30 22:13:46", NULL, "2024-12-27 18:49:20"),
	(25, "near end test", "ludo", NULL, -1, "[\"0:0:-1:1736606610\",\"1:4:12:1736606707\",\"1:4:17:1736606716\",\"0:2:0:1736606736\",\"0:2:3:1736606751\",\"1:4:22:1736606764\",\"0:2:6:1736606773\",\"1:4:24:1736606778\",\"0:2:11:1736606787\",\"1:4:28:1736606794\",\"0:2:13:1736606803\",\"1:4:31:1736606809\",\"0:2:17:1736606816\",\"1:4:35:1736606822\",\"0:2:22:1736606845\",\"1:4:37:1736606852\",\"0:2:24:1736606858\",\"1:4:43:1736606863\",\"1:4:47:1736606872\",\"0:3:0:1736606880\",\"0:2:30:1736606885\",\"0:2:33:1736606903\",\"1:4:4:1736606910\",\"0:3:3:1736606919\",\"1:4:9:1736606925\",\"0:2:39:1736606938\",\"0:2:41:1736606950\",\"1:4:10:1736606960\",\"0:2:46:1736606966\",\"1:4:15:1736606973\",\"0:0:0:1736606987\",\"0:3:5:1736607056\",\"1:4:103:1736607061\",\"0:0:6:1736607749\",\"0:0:7:1736607761\",\"1:1:-1:1736607765\",\"0:2:102:1736607768\",\"1:1:-1:1736607786\",\"0:1:100:1736607961\",\"1:4:102:1737009524\",\"0:3:6:1737009560\",\"1:1:-1:1737009568\",\"0:3:11:1737033398\",\"1:4:103:1737033408\",\"0:1:102:1737033419\",\"1:4:101:1737033491\",\"0:0:0:1737033504\",\"0:3:14:1737033510\",\"1:1:-1:1737034436\",\"0:3:15:1737034437\",\"1:4:102:1737034444\",\"0:3:20:1737034451\",\"1:1:-1:1737034505\",\"0:0:6:1737034506\",\"0:0:12:1737034516\",\"0:1:0:1737034545\",\"1:5:12:1737034555\",\"1:5:13:1737034562\",\"0:1:6:1737034565\",\"0:3:23:1737034573\",\"1:5:16:1737034582\",\"0:1:10:1737034587\",\"1:5:20:1737034594\",\"0:1:12:1737034603\",\"1:7:12:1737034608\",\"1:7:14:1737034618\",\"0:3:26:1737034624\",\"1:5:25:1737034630\",\"0:3:29:1737034637\",\"1:4:103:1737034646\",\"0:3:31:1737034651\",\"1:5:30:1737034823\",\"0:0:0:1737034834\",\"0:0:2:1737034839\",\"1:7:19:1737034850\",\"0:1:0:1737034858\",\"0:0:6:1737034864\",\"1:6:12:1737034873\",\"1:6:15:1737034880\",\"0:3:34:1737034886\",\"1:7:25:1737034899\",\"1:6:21:1737034905\",\"1:5:32:1737034921\",\"0:3:40:1737034926\",\"0:3:43:1737034937\",\"1:5:36:1737034945\",\"0:3:45:1737034955\",\"1:5:40:1737034960\",\"0:0:12:1737034966\",\"0:3:101:1737034978\",\"1:5:44:1737034985\",\"0:1:2:1737034991\",\"1:5:0:1737034997\",\"0:1:4:1737035002\",\"1:5:2:1737035007\",\"0:0:17:1737035011\",\"1:7:29:1737035018\",\"0:0:18:1737035028\",\"1:6:24:1737035034\",\"0:0:22:1737035041\",\"1:6:27:1737035064\",\"0:1:5:1737048977\",\"1:7:30:1737048984\",\"0:0:26:1737048993\",\"1:6:29:1737049398\",\"0:0:32:1737049560\",\"j:1\",\"l:1\",\"l:1\",\"l:1\"]", NULL, "[[32,5,103,101],[103,2,29,30],[-1,-1,-1,-1],[-1,-1,-1,-1]]", 1737049568, "2025-01-30 22:13:46", NULL, "2024-12-27 18:49:20"),
	(26, "near end test", "ludo", NULL, -1, "[\"0:0:-1:1736606610\",\"1:4:12:1736606707\",\"1:4:17:1736606716\",\"0:2:0:1736606736\",\"0:2:3:1736606751\",\"1:4:22:1736606764\",\"0:2:6:1736606773\",\"1:4:24:1736606778\",\"0:2:11:1736606787\",\"1:4:28:1736606794\",\"0:2:13:1736606803\",\"1:4:31:1736606809\",\"0:2:17:1736606816\",\"1:4:35:1736606822\",\"0:2:22:1736606845\",\"1:4:37:1736606852\",\"0:2:24:1736606858\",\"1:4:43:1736606863\",\"1:4:47:1736606872\",\"0:3:0:1736606880\",\"0:2:30:1736606885\",\"0:2:33:1736606903\",\"1:4:4:1736606910\",\"0:3:3:1736606919\",\"1:4:9:1736606925\",\"0:2:39:1736606938\",\"0:2:41:1736606950\",\"1:4:10:1736606960\",\"0:2:46:1736606966\",\"1:4:15:1736606973\",\"0:0:0:1736606987\",\"0:3:5:1736607056\",\"1:4:103:1736607061\",\"0:0:6:1736607749\",\"0:0:7:1736607761\",\"1:1:-1:1736607765\",\"0:2:102:1736607768\",\"1:1:-1:1736607786\",\"0:1:100:1736607961\",\"1:4:102:1737009524\",\"0:3:6:1737009560\",\"1:1:-1:1737009568\",\"0:3:11:1737033398\",\"1:4:103:1737033408\",\"0:1:102:1737033419\",\"1:4:101:1737033491\",\"0:0:0:1737033504\",\"0:3:14:1737033510\",\"1:1:-1:1737034436\",\"0:3:15:1737034437\",\"1:4:102:1737034444\",\"0:3:20:1737034451\",\"1:1:-1:1737034505\",\"0:0:6:1737034506\",\"0:0:12:1737034516\",\"0:1:0:1737034545\",\"1:5:12:1737034555\",\"1:5:13:1737034562\",\"0:1:6:1737034565\",\"0:3:23:1737034573\",\"1:5:16:1737034582\",\"0:1:10:1737034587\",\"1:5:20:1737034594\",\"0:1:12:1737034603\",\"1:7:12:1737034608\",\"1:7:14:1737034618\",\"0:3:26:1737034624\",\"1:5:25:1737034630\",\"0:3:29:1737034637\",\"1:4:103:1737034646\",\"0:3:31:1737034651\",\"1:5:30:1737034823\",\"0:0:0:1737034834\",\"0:0:2:1737034839\",\"1:7:19:1737034850\",\"0:1:0:1737034858\",\"0:0:6:1737034864\",\"1:6:12:1737034873\",\"1:6:15:1737034880\",\"0:3:34:1737034886\",\"1:7:25:1737034899\",\"1:6:21:1737034905\",\"1:5:32:1737034921\",\"0:3:40:1737034926\",\"0:3:43:1737034937\",\"1:5:36:1737034945\",\"0:3:45:1737034955\",\"1:5:40:1737034960\",\"0:0:12:1737034966\",\"0:3:101:1737034978\",\"1:5:44:1737034985\",\"0:1:2:1737034991\",\"1:5:0:1737034997\",\"0:1:4:1737035002\",\"1:5:2:1737035007\",\"0:0:17:1737035011\",\"1:7:29:1737035018\",\"0:0:18:1737035028\",\"1:6:24:1737035034\",\"0:0:22:1737035041\",\"1:6:27:1737035064\",\"0:1:5:1737048977\",\"1:7:30:1737048984\",\"0:0:26:1737048993\",\"1:6:29:1737049398\",\"0:0:32:1737049560\",\"j:1\",\"l:1\",\"l:1\",\"l:1\"]", NULL, "[[32,5,103,101],[103,2,29,30],[-1,-1,-1,-1],[-1,-1,-1,-1]]", 1737049568, "2025-01-30 22:13:46", NULL, "2024-12-27 18:49:20"),
	(27, "near end test", "ludo", NULL, -1, "[\"0:0:-1:1736606610\",\"1:4:12:1736606707\",\"1:4:17:1736606716\",\"0:2:0:1736606736\",\"0:2:3:1736606751\",\"1:4:22:1736606764\",\"0:2:6:1736606773\",\"1:4:24:1736606778\",\"0:2:11:1736606787\",\"1:4:28:1736606794\",\"0:2:13:1736606803\",\"1:4:31:1736606809\",\"0:2:17:1736606816\",\"1:4:35:1736606822\",\"0:2:22:1736606845\",\"1:4:37:1736606852\",\"0:2:24:1736606858\",\"1:4:43:1736606863\",\"1:4:47:1736606872\",\"0:3:0:1736606880\",\"0:2:30:1736606885\",\"0:2:33:1736606903\",\"1:4:4:1736606910\",\"0:3:3:1736606919\",\"1:4:9:1736606925\",\"0:2:39:1736606938\",\"0:2:41:1736606950\",\"1:4:10:1736606960\",\"0:2:46:1736606966\",\"1:4:15:1736606973\",\"0:0:0:1736606987\",\"0:3:5:1736607056\",\"1:4:103:1736607061\",\"0:0:6:1736607749\",\"0:0:7:1736607761\",\"1:1:-1:1736607765\",\"0:2:102:1736607768\",\"1:1:-1:1736607786\",\"0:1:100:1736607961\",\"1:4:102:1737009524\",\"0:3:6:1737009560\",\"1:1:-1:1737009568\",\"0:3:11:1737033398\",\"1:4:103:1737033408\",\"0:1:102:1737033419\",\"1:4:101:1737033491\",\"0:0:0:1737033504\",\"0:3:14:1737033510\",\"1:1:-1:1737034436\",\"0:3:15:1737034437\",\"1:4:102:1737034444\",\"0:3:20:1737034451\",\"1:1:-1:1737034505\",\"0:0:6:1737034506\",\"0:0:12:1737034516\",\"0:1:0:1737034545\",\"1:5:12:1737034555\",\"1:5:13:1737034562\",\"0:1:6:1737034565\",\"0:3:23:1737034573\",\"1:5:16:1737034582\",\"0:1:10:1737034587\",\"1:5:20:1737034594\",\"0:1:12:1737034603\",\"1:7:12:1737034608\",\"1:7:14:1737034618\",\"0:3:26:1737034624\",\"1:5:25:1737034630\",\"0:3:29:1737034637\",\"1:4:103:1737034646\",\"0:3:31:1737034651\",\"1:5:30:1737034823\",\"0:0:0:1737034834\",\"0:0:2:1737034839\",\"1:7:19:1737034850\",\"0:1:0:1737034858\",\"0:0:6:1737034864\",\"1:6:12:1737034873\",\"1:6:15:1737034880\",\"0:3:34:1737034886\",\"1:7:25:1737034899\",\"1:6:21:1737034905\",\"1:5:32:1737034921\",\"0:3:40:1737034926\",\"0:3:43:1737034937\",\"1:5:36:1737034945\",\"0:3:45:1737034955\",\"1:5:40:1737034960\",\"0:0:12:1737034966\",\"0:3:101:1737034978\",\"1:5:44:1737034985\",\"0:1:2:1737034991\",\"1:5:0:1737034997\",\"0:1:4:1737035002\",\"1:5:2:1737035007\",\"0:0:17:1737035011\",\"1:7:29:1737035018\",\"0:0:18:1737035028\",\"1:6:24:1737035034\",\"0:0:22:1737035041\",\"1:6:27:1737035064\",\"0:1:5:1737048977\",\"1:7:30:1737048984\",\"0:0:26:1737048993\",\"1:6:29:1737049398\",\"0:0:32:1737049560\",\"j:1\",\"l:1\",\"l:1\",\"l:1\"]", NULL, "[[32,5,103,101],[103,2,29,30],[-1,-1,-1,-1],[-1,-1,-1,-1]]", 1737049568, "2025-01-30 22:13:46", NULL, "2024-12-27 18:49:20"),
	(28, "near end test", "ludo", NULL, -1, "[\"0:0:-1:1736606610\",\"1:4:12:1736606707\",\"1:4:17:1736606716\",\"0:2:0:1736606736\",\"0:2:3:1736606751\",\"1:4:22:1736606764\",\"0:2:6:1736606773\",\"1:4:24:1736606778\",\"0:2:11:1736606787\",\"1:4:28:1736606794\",\"0:2:13:1736606803\",\"1:4:31:1736606809\",\"0:2:17:1736606816\",\"1:4:35:1736606822\",\"0:2:22:1736606845\",\"1:4:37:1736606852\",\"0:2:24:1736606858\",\"1:4:43:1736606863\",\"1:4:47:1736606872\",\"0:3:0:1736606880\",\"0:2:30:1736606885\",\"0:2:33:1736606903\",\"1:4:4:1736606910\",\"0:3:3:1736606919\",\"1:4:9:1736606925\",\"0:2:39:1736606938\",\"0:2:41:1736606950\",\"1:4:10:1736606960\",\"0:2:46:1736606966\",\"1:4:15:1736606973\",\"0:0:0:1736606987\",\"0:3:5:1736607056\",\"1:4:103:1736607061\",\"0:0:6:1736607749\",\"0:0:7:1736607761\",\"1:1:-1:1736607765\",\"0:2:102:1736607768\",\"1:1:-1:1736607786\",\"0:1:100:1736607961\",\"1:4:102:1737009524\",\"0:3:6:1737009560\",\"1:1:-1:1737009568\",\"0:3:11:1737033398\",\"1:4:103:1737033408\",\"0:1:102:1737033419\",\"1:4:101:1737033491\",\"0:0:0:1737033504\",\"0:3:14:1737033510\",\"1:1:-1:1737034436\",\"0:3:15:1737034437\",\"1:4:102:1737034444\",\"0:3:20:1737034451\",\"1:1:-1:1737034505\",\"0:0:6:1737034506\",\"0:0:12:1737034516\",\"0:1:0:1737034545\",\"1:5:12:1737034555\",\"1:5:13:1737034562\",\"0:1:6:1737034565\",\"0:3:23:1737034573\",\"1:5:16:1737034582\",\"0:1:10:1737034587\",\"1:5:20:1737034594\",\"0:1:12:1737034603\",\"1:7:12:1737034608\",\"1:7:14:1737034618\",\"0:3:26:1737034624\",\"1:5:25:1737034630\",\"0:3:29:1737034637\",\"1:4:103:1737034646\",\"0:3:31:1737034651\",\"1:5:30:1737034823\",\"0:0:0:1737034834\",\"0:0:2:1737034839\",\"1:7:19:1737034850\",\"0:1:0:1737034858\",\"0:0:6:1737034864\",\"1:6:12:1737034873\",\"1:6:15:1737034880\",\"0:3:34:1737034886\",\"1:7:25:1737034899\",\"1:6:21:1737034905\",\"1:5:32:1737034921\",\"0:3:40:1737034926\",\"0:3:43:1737034937\",\"1:5:36:1737034945\",\"0:3:45:1737034955\",\"1:5:40:1737034960\",\"0:0:12:1737034966\",\"0:3:101:1737034978\",\"1:5:44:1737034985\",\"0:1:2:1737034991\",\"1:5:0:1737034997\",\"0:1:4:1737035002\",\"1:5:2:1737035007\",\"0:0:17:1737035011\",\"1:7:29:1737035018\",\"0:0:18:1737035028\",\"1:6:24:1737035034\",\"0:0:22:1737035041\",\"1:6:27:1737035064\",\"0:1:5:1737048977\",\"1:7:30:1737048984\",\"0:0:26:1737048993\",\"1:6:29:1737049398\",\"0:0:32:1737049560\",\"j:1\",\"l:1\",\"l:1\",\"l:1\"]", NULL, "[[32,5,103,101],[103,2,29,30],[-1,-1,-1,-1],[-1,-1,-1,-1]]", 1737049568, "2025-01-30 22:13:46", NULL, "2024-12-27 18:49:20"),
	(29, "near end test", "ludo", NULL, -1, "[\"0:0:-1:1736606610\",\"1:4:12:1736606707\",\"1:4:17:1736606716\",\"0:2:0:1736606736\",\"0:2:3:1736606751\",\"1:4:22:1736606764\",\"0:2:6:1736606773\",\"1:4:24:1736606778\",\"0:2:11:1736606787\",\"1:4:28:1736606794\",\"0:2:13:1736606803\",\"1:4:31:1736606809\",\"0:2:17:1736606816\",\"1:4:35:1736606822\",\"0:2:22:1736606845\",\"1:4:37:1736606852\",\"0:2:24:1736606858\",\"1:4:43:1736606863\",\"1:4:47:1736606872\",\"0:3:0:1736606880\",\"0:2:30:1736606885\",\"0:2:33:1736606903\",\"1:4:4:1736606910\",\"0:3:3:1736606919\",\"1:4:9:1736606925\",\"0:2:39:1736606938\",\"0:2:41:1736606950\",\"1:4:10:1736606960\",\"0:2:46:1736606966\",\"1:4:15:1736606973\",\"0:0:0:1736606987\",\"0:3:5:1736607056\",\"1:4:103:1736607061\",\"0:0:6:1736607749\",\"0:0:7:1736607761\",\"1:1:-1:1736607765\",\"0:2:102:1736607768\",\"1:1:-1:1736607786\",\"0:1:100:1736607961\",\"1:4:102:1737009524\",\"0:3:6:1737009560\",\"1:1:-1:1737009568\",\"0:3:11:1737033398\",\"1:4:103:1737033408\",\"0:1:102:1737033419\",\"1:4:101:1737033491\",\"0:0:0:1737033504\",\"0:3:14:1737033510\",\"1:1:-1:1737034436\",\"0:3:15:1737034437\",\"1:4:102:1737034444\",\"0:3:20:1737034451\",\"1:1:-1:1737034505\",\"0:0:6:1737034506\",\"0:0:12:1737034516\",\"0:1:0:1737034545\",\"1:5:12:1737034555\",\"1:5:13:1737034562\",\"0:1:6:1737034565\",\"0:3:23:1737034573\",\"1:5:16:1737034582\",\"0:1:10:1737034587\",\"1:5:20:1737034594\",\"0:1:12:1737034603\",\"1:7:12:1737034608\",\"1:7:14:1737034618\",\"0:3:26:1737034624\",\"1:5:25:1737034630\",\"0:3:29:1737034637\",\"1:4:103:1737034646\",\"0:3:31:1737034651\",\"1:5:30:1737034823\",\"0:0:0:1737034834\",\"0:0:2:1737034839\",\"1:7:19:1737034850\",\"0:1:0:1737034858\",\"0:0:6:1737034864\",\"1:6:12:1737034873\",\"1:6:15:1737034880\",\"0:3:34:1737034886\",\"1:7:25:1737034899\",\"1:6:21:1737034905\",\"1:5:32:1737034921\",\"0:3:40:1737034926\",\"0:3:43:1737034937\",\"1:5:36:1737034945\",\"0:3:45:1737034955\",\"1:5:40:1737034960\",\"0:0:12:1737034966\",\"0:3:101:1737034978\",\"1:5:44:1737034985\",\"0:1:2:1737034991\",\"1:5:0:1737034997\",\"0:1:4:1737035002\",\"1:5:2:1737035007\",\"0:0:17:1737035011\",\"1:7:29:1737035018\",\"0:0:18:1737035028\",\"1:6:24:1737035034\",\"0:0:22:1737035041\",\"1:6:27:1737035064\",\"0:1:5:1737048977\",\"1:7:30:1737048984\",\"0:0:26:1737048993\",\"1:6:29:1737049398\",\"0:0:32:1737049560\",\"j:1\",\"l:1\",\"l:1\",\"l:1\"]", NULL, "[[32,5,103,101],[103,2,29,30],[-1,-1,-1,-1],[-1,-1,-1,-1]]", 1737049568, "2025-01-30 22:13:46", NULL, "2024-12-27 18:49:20"),
	(30, "near end test", "ludo", NULL, -1, "[\"0:0:-1:1736606610\",\"1:4:12:1736606707\",\"1:4:17:1736606716\",\"0:2:0:1736606736\",\"0:2:3:1736606751\",\"1:4:22:1736606764\",\"0:2:6:1736606773\",\"1:4:24:1736606778\",\"0:2:11:1736606787\",\"1:4:28:1736606794\",\"0:2:13:1736606803\",\"1:4:31:1736606809\",\"0:2:17:1736606816\",\"1:4:35:1736606822\",\"0:2:22:1736606845\",\"1:4:37:1736606852\",\"0:2:24:1736606858\",\"1:4:43:1736606863\",\"1:4:47:1736606872\",\"0:3:0:1736606880\",\"0:2:30:1736606885\",\"0:2:33:1736606903\",\"1:4:4:1736606910\",\"0:3:3:1736606919\",\"1:4:9:1736606925\",\"0:2:39:1736606938\",\"0:2:41:1736606950\",\"1:4:10:1736606960\",\"0:2:46:1736606966\",\"1:4:15:1736606973\",\"0:0:0:1736606987\",\"0:3:5:1736607056\",\"1:4:103:1736607061\",\"0:0:6:1736607749\",\"0:0:7:1736607761\",\"1:1:-1:1736607765\",\"0:2:102:1736607768\",\"1:1:-1:1736607786\",\"0:1:100:1736607961\",\"1:4:102:1737009524\",\"0:3:6:1737009560\",\"1:1:-1:1737009568\",\"0:3:11:1737033398\",\"1:4:103:1737033408\",\"0:1:102:1737033419\",\"1:4:101:1737033491\",\"0:0:0:1737033504\",\"0:3:14:1737033510\",\"1:1:-1:1737034436\",\"0:3:15:1737034437\",\"1:4:102:1737034444\",\"0:3:20:1737034451\",\"1:1:-1:1737034505\",\"0:0:6:1737034506\",\"0:0:12:1737034516\",\"0:1:0:1737034545\",\"1:5:12:1737034555\",\"1:5:13:1737034562\",\"0:1:6:1737034565\",\"0:3:23:1737034573\",\"1:5:16:1737034582\",\"0:1:10:1737034587\",\"1:5:20:1737034594\",\"0:1:12:1737034603\",\"1:7:12:1737034608\",\"1:7:14:1737034618\",\"0:3:26:1737034624\",\"1:5:25:1737034630\",\"0:3:29:1737034637\",\"1:4:103:1737034646\",\"0:3:31:1737034651\",\"1:5:30:1737034823\",\"0:0:0:1737034834\",\"0:0:2:1737034839\",\"1:7:19:1737034850\",\"0:1:0:1737034858\",\"0:0:6:1737034864\",\"1:6:12:1737034873\",\"1:6:15:1737034880\",\"0:3:34:1737034886\",\"1:7:25:1737034899\",\"1:6:21:1737034905\",\"1:5:32:1737034921\",\"0:3:40:1737034926\",\"0:3:43:1737034937\",\"1:5:36:1737034945\",\"0:3:45:1737034955\",\"1:5:40:1737034960\",\"0:0:12:1737034966\",\"0:3:101:1737034978\",\"1:5:44:1737034985\",\"0:1:2:1737034991\",\"1:5:0:1737034997\",\"0:1:4:1737035002\",\"1:5:2:1737035007\",\"0:0:17:1737035011\",\"1:7:29:1737035018\",\"0:0:18:1737035028\",\"1:6:24:1737035034\",\"0:0:22:1737035041\",\"1:6:27:1737035064\",\"0:1:5:1737048977\",\"1:7:30:1737048984\",\"0:0:26:1737048993\",\"1:6:29:1737049398\",\"0:0:32:1737049560\",\"j:1\",\"l:1\",\"l:1\",\"l:1\"]", NULL, "[[32,5,103,101],[103,2,29,30],[-1,-1,-1,-1],[-1,-1,-1,-1]]", 1737049568, "2025-01-30 22:13:46", NULL, "2024-12-27 18:49:20"),
	(31, "new room", "ludo", NULL, -1, "[\"0:0:-1:1736606610\",\"1:4:12:1736606707\",\"1:4:17:1736606716\",\"0:2:0:1736606736\",\"0:2:3:1736606751\",\"1:4:22:1736606764\",\"0:2:6:1736606773\",\"1:4:24:1736606778\",\"0:2:11:1736606787\",\"1:4:28:1736606794\",\"0:2:13:1736606803\",\"1:4:31:1736606809\",\"0:2:17:1736606816\",\"1:4:35:1736606822\",\"0:2:22:1736606845\",\"1:4:37:1736606852\",\"0:2:24:1736606858\",\"1:4:43:1736606863\",\"1:4:47:1736606872\",\"0:3:0:1736606880\",\"0:2:30:1736606885\",\"0:2:33:1736606903\",\"1:4:4:1736606910\",\"0:3:3:1736606919\",\"1:4:9:1736606925\",\"0:2:39:1736606938\",\"0:2:41:1736606950\",\"1:4:10:1736606960\",\"0:2:46:1736606966\",\"1:4:15:1736606973\",\"0:0:0:1736606987\",\"0:3:5:1736607056\",\"1:4:103:1736607061\",\"0:0:6:1736607749\",\"0:0:7:1736607761\",\"1:1:-1:1736607765\",\"0:2:102:1736607768\",\"1:1:-1:1736607786\",\"0:1:100:1736607961\",\"1:4:102:1737009524\",\"0:3:6:1737009560\",\"1:1:-1:1737009568\",\"0:3:11:1737033398\",\"1:4:103:1737033408\",\"0:1:102:1737033419\",\"1:4:101:1737033491\",\"0:0:0:1737033504\",\"0:3:14:1737033510\",\"1:1:-1:1737034436\",\"0:3:15:1737034437\",\"1:4:102:1737034444\",\"0:3:20:1737034451\",\"1:1:-1:1737034505\",\"0:0:6:1737034506\",\"0:0:12:1737034516\",\"0:1:0:1737034545\",\"1:5:12:1737034555\",\"1:5:13:1737034562\",\"0:1:6:1737034565\",\"0:3:23:1737034573\",\"1:5:16:1737034582\",\"0:1:10:1737034587\",\"1:5:20:1737034594\",\"0:1:12:1737034603\",\"1:7:12:1737034608\",\"1:7:14:1737034618\",\"0:3:26:1737034624\",\"1:5:25:1737034630\",\"0:3:29:1737034637\",\"1:4:103:1737034646\",\"0:3:31:1737034651\",\"1:5:30:1737034823\",\"0:0:0:1737034834\",\"0:0:2:1737034839\",\"1:7:19:1737034850\",\"0:1:0:1737034858\",\"0:0:6:1737034864\",\"1:6:12:1737034873\",\"1:6:15:1737034880\",\"0:3:34:1737034886\",\"1:7:25:1737034899\",\"1:6:21:1737034905\",\"1:5:32:1737034921\",\"0:3:40:1737034926\",\"0:3:43:1737034937\",\"1:5:36:1737034945\",\"0:3:45:1737034955\",\"1:5:40:1737034960\",\"0:0:12:1737034966\",\"0:3:101:1737034978\",\"1:5:44:1737034985\",\"0:1:2:1737034991\",\"1:5:0:1737034997\",\"0:1:4:1737035002\",\"1:5:2:1737035007\",\"0:0:17:1737035011\",\"1:7:29:1737035018\",\"0:0:18:1737035028\",\"1:6:24:1737035034\",\"0:0:22:1737035041\",\"1:6:27:1737035064\",\"0:1:5:1737048977\",\"1:7:30:1737048984\",\"0:0:26:1737048993\",\"1:6:29:1737049398\",\"0:0:32:1737049560\",\"j:1\",\"l:1\",\"l:1\",\"l:1\"]", NULL, "[[32,5,103,101],[103,2,29,30],[-1,-1,-1,-1],[-1,-1,-1,-1]]", 1737049568, "2025-02-01 23:50:27", NULL, "2025-02-01 23:51:00"),
	(32, "qaz", "ludo", NULL, -1, "[]", NULL, NULL, 1087037588, NULL, NULL, "2025-02-02 02:40:04"),
	(33, "ugkjkm", "ludo", NULL, -1, "[]", NULL, NULL, 1457543599, NULL, NULL, "2025-02-02 02:46:12"),
	(34, "test1", "ludo", NULL, 0, "[\"j:0\",\"l:0\",\"j:3\",\"l:3\",\"j:2\",\"l:2\",\"j:1\",\"l:1\",\"j:0\",\"l:0\"]", NULL, NULL, 158195517, "2025-02-02 02:50:06", NULL, "2025-02-02 02:49:53"),
	(35, "made by test2", "ludo", NULL, -1, "[]", NULL, NULL, 1095885208, NULL, NULL, "2025-02-02 04:55:37");

/*!40000 ALTER TABLE `Room` ENABLE KEYS */;
UNLOCK TABLES;



# Dump of table User
# ------------------------------------------------------------

DROP TABLE IF EXISTS `User`;

CREATE TABLE `User` (
  `id` int NOT NULL AUTO_INCREMENT,
  `username` varchar(40) DEFAULT NULL,
  `email` varchar(40) DEFAULT NULL,
  `password` varchar(150) DEFAULT NULL,
  `visible_name` varchar(30) DEFAULT NULL,
  `role` varchar(40) NOT NULL,
  `modified_at` datetime DEFAULT CURRENT_TIMESTAMP,
  `modified_by` int DEFAULT NULL,
  `created_at` datetime DEFAULT CURRENT_TIMESTAMP,
  `created_by` int DEFAULT NULL,
  PRIMARY KEY (`id`),
  UNIQUE KEY `username` (`username`),
  UNIQUE KEY `email` (`email`),
  UNIQUE KEY `visible_name` (`visible_name`),
  KEY `fk_user_modified_by` (`modified_by`),
  KEY `fk_user_created_by` (`created_by`),
  CONSTRAINT `fk_user_created_by` FOREIGN KEY (`created_by`) REFERENCES `User` (`id`) ON DELETE SET NULL ON UPDATE CASCADE,
  CONSTRAINT `fk_user_modified_by` FOREIGN KEY (`modified_by`) REFERENCES `User` (`id`) ON DELETE SET NULL ON UPDATE CASCADE
) ENGINE=InnoDB AUTO_INCREMENT=36 DEFAULT CHARSET=utf8mb4 COLLATE=utf8mb4_0900_ai_ci;

LOCK TABLES `User` WRITE;
/*!40000 ALTER TABLE `User` DISABLE KEYS */;

INSERT INTO `User` (`id`, `username`, `email`, `password`, `visible_name`, `role`, `modified_at`, `modified_by`, `created_at`, `created_by`) VALUES
	(1, "root", "gug.kamil@gmail.com", "$2y$13$EdOOIsmKUMr9S0H3KhPc0ehlmj.cU0vt1cC7rcKcM6Fx9Szv5u0mG", "Main Admin", "admin", "2025-01-29 19:15:25", 1, "2024-12-27 18:49:19", NULL),
	(2, "test1", "test1@tester.tested", "$2y$13$1U27t08oezohHcjix/nume/pgZnrg3PnMHlKXrxRKgpo.Rs0KBIZG", "zxc", "player", "2025-01-30 22:27:04", 1, "2024-12-27 18:49:20", NULL),
	(3, "test2", "test2@tester.tested", "$2y$13$vds2c5gqbEB/Aky3L3wkKOaCX/mFdl0s0KA3OwvGDAiXfqjupWVD6", "test2", "player", "2025-01-29 19:22:30", 3, "2024-12-27 18:49:20", NULL),
	(4, NULL, NULL, NULL, "Temporary Tester Uno", "tmp_player", "2024-12-27 18:49:20", NULL, "2024-12-27 18:49:20", NULL),
	(5, NULL, NULL, NULL, "Temporary Tester Dos", "tmp_player", "2024-12-27 18:49:20", NULL, "2024-12-27 18:49:20", NULL),
	(6, "qwe", "asd@asd.ok", "$2y$13$d0TemGRic3IfJIDaxkBvs.AoXaqwA4vRdOhgicabBAfRyk1vkqC/K", "qwer", "player", "2025-01-18 10:19:29", NULL, "2025-01-18 10:19:29", NULL),
	(7, "a", "a@test.test", "$2y$13$K1SJjloWCAoQr36CQ19vu.4Mh3zZXJzO6vOfsL27LWikCAA5P1pLC", "123", "player", "2025-01-22 19:36:21", NULL, "2025-01-22 19:36:21", NULL),
	(8, "c", "c@test.t", "$2y$13$pUkkFaD5yjKzTgvYbkHe9uhbbooM/HMgRKA9yjpN8etRKT/GWbfZi", "user three", "player", NULL, NULL, NULL, NULL),
	(10, "q", "q@test.test", "$2y$13$K1SJjloWCAoQr36CQ19vu.4Mh3zZXJzO6vOfsL27LWikCAA5P1pLC", "q", "player", "2025-01-22 19:36:21", NULL, "2025-01-22 19:36:21", NULL),
	(11, "w", "w@test.test", "$2y$13$K1SJjloWCAoQr36CQ19vu.4Mh3zZXJzO6vOfsL27LWikCAA5P1pLC", "w", "player", "2025-01-22 19:36:21", NULL, "2025-01-22 19:36:21", NULL),
	(12, "e", "e@test.test", "$2y$13$K1SJjloWCAoQr36CQ19vu.4Mh3zZXJzO6vOfsL27LWikCAA5P1pLC", "e", "player", "2025-01-22 19:36:21", NULL, "2025-01-22 19:36:21", NULL),
	(13, "r", "r@test.test", "$2y$13$K1SJjloWCAoQr36CQ19vu.4Mh3zZXJzO6vOfsL27LWikCAA5P1pLC", "r", "player", "2025-01-22 19:36:21", NULL, "2025-01-22 19:36:21", NULL),
	(14, "t", "t@test.test", "$2y$13$K1SJjloWCAoQr36CQ19vu.4Mh3zZXJzO6vOfsL27LWikCAA5P1pLC", "t", "player", "2025-01-22 19:36:21", NULL, "2025-01-22 19:36:21", NULL),
	(15, "y", "y@test.test", "$2y$13$K1SJjloWCAoQr36CQ19vu.4Mh3zZXJzO6vOfsL27LWikCAA5P1pLC", "y", "player", "2025-01-22 19:36:21", NULL, "2025-01-22 19:36:21", NULL),
	(16, "u", "u@test.test", "$2y$13$K1SJjloWCAoQr36CQ19vu.4Mh3zZXJzO6vOfsL27LWikCAA5P1pLC", "u", "player", "2025-01-22 19:36:21", NULL, "2025-01-22 19:36:21", NULL),
	(17, "i", "i@test.test", "$2y$13$K1SJjloWCAoQr36CQ19vu.4Mh3zZXJzO6vOfsL27LWikCAA5P1pLC", "i", "player", "2025-01-22 19:36:21", NULL, "2025-01-22 19:36:21", NULL),
	(18, "o", "o@test.test", "$2y$13$K1SJjloWCAoQr36CQ19vu.4Mh3zZXJzO6vOfsL27LWikCAA5P1pLC", "o", "player", "2025-01-22 19:36:21", NULL, "2025-01-22 19:36:21", NULL),
	(19, "p", "p@test.test", "$2y$13$K1SJjloWCAoQr36CQ19vu.4Mh3zZXJzO6vOfsL27LWikCAA5P1pLC", "p", "player", "2025-01-22 19:36:21", NULL, "2025-01-22 19:36:21", NULL),
	(20, "s", "s@test.test", "$2y$13$K1SJjloWCAoQr36CQ19vu.4Mh3zZXJzO6vOfsL27LWikCAA5P1pLC", "s", "player", "2025-01-22 19:36:21", NULL, "2025-01-22 19:36:21", NULL),
	(21, "d", "d@test.test", "$2y$13$K1SJjloWCAoQr36CQ19vu.4Mh3zZXJzO6vOfsL27LWikCAA5P1pLC", "d", "player", "2025-01-22 19:36:21", NULL, "2025-01-22 19:36:21", NULL),
	(22, "f", "f@test.test", "$2y$13$K1SJjloWCAoQr36CQ19vu.4Mh3zZXJzO6vOfsL27LWikCAA5P1pLC", "f", "player", "2025-01-22 19:36:21", NULL, "2025-01-22 19:36:21", NULL),
	(23, "g", "g@test.test", "$2y$13$K1SJjloWCAoQr36CQ19vu.4Mh3zZXJzO6vOfsL27LWikCAA5P1pLC", "g", "player", "2025-01-22 19:36:21", NULL, "2025-01-22 19:36:21", NULL),
	(24, "h", "h@test.test", "$2y$13$K1SJjloWCAoQr36CQ19vu.4Mh3zZXJzO6vOfsL27LWikCAA5P1pLC", "h", "player", "2025-01-22 19:36:21", NULL, "2025-01-22 19:36:21", NULL),
	(25, "j", "j@test.test", "$2y$13$K1SJjloWCAoQr36CQ19vu.4Mh3zZXJzO6vOfsL27LWikCAA5P1pLC", "j", "player", "2025-01-22 19:36:21", NULL, "2025-01-22 19:36:21", NULL),
	(26, "k", "k@test.test", "$2y$13$K1SJjloWCAoQr36CQ19vu.4Mh3zZXJzO6vOfsL27LWikCAA5P1pLC", "k", "player", "2025-01-22 19:36:21", NULL, "2025-01-22 19:36:21", NULL),
	(27, "l", "l@test.test", "$2y$13$K1SJjloWCAoQr36CQ19vu.4Mh3zZXJzO6vOfsL27LWikCAA5P1pLC", "l", "player", "2025-01-22 19:36:21", NULL, "2025-01-22 19:36:21", NULL),
	(28, "z", "z@test.test", "$2y$13$K1SJjloWCAoQr36CQ19vu.4Mh3zZXJzO6vOfsL27LWikCAA5P1pLC", "z", "player", "2025-01-22 19:36:21", NULL, "2025-01-22 19:36:21", NULL),
	(29, "x", "x@test.test", "$2y$13$K1SJjloWCAoQr36CQ19vu.4Mh3zZXJzO6vOfsL27LWikCAA5P1pLC", "x", "player", "2025-01-22 19:36:21", NULL, "2025-01-22 19:36:21", NULL),
	(31, "v", "v@test.test", "$2y$13$K1SJjloWCAoQr36CQ19vu.4Mh3zZXJzO6vOfsL27LWikCAA5P1pLC", "v", "player", "2025-01-22 19:36:21", NULL, "2025-01-22 19:36:21", NULL),
	(32, "n", "n@test.test", "$2y$13$K1SJjloWCAoQr36CQ19vu.4Mh3zZXJzO6vOfsL27LWikCAA5P1pLC", "n", "player", "2025-01-22 19:36:21", NULL, "2025-01-22 19:36:21", NULL),
	(33, "m", "m@test.test", "$2y$13$K1SJjloWCAoQr36CQ19vu.4Mh3zZXJzO6vOfsL27LWikCAA5P1pLC", "m", "player", "2025-01-22 19:36:21", NULL, "2025-01-22 19:36:21", NULL),
	(34, "aa", "aa@test.test", "$2y$13$K1SJjloWCAoQr36CQ19vu.4Mh3zZXJzO6vOfsL27LWikCAA5P1pLC", "aa", "player", "2025-01-22 19:36:21", NULL, "2025-01-22 19:36:21", NULL),
	(35, "ab", "ab@test.test", "$2y$13$K1SJjloWCAoQr36CQ19vu.4Mh3zZXJzO6vOfsL27LWikCAA5P1pLC", "ab", "player", "2025-01-22 19:36:21", NULL, "2025-01-22 19:36:21", NULL);

/*!40000 ALTER TABLE `User` ENABLE KEYS */;
UNLOCK TABLES;



# Dump of table User_Room
# ------------------------------------------------------------

DROP TABLE IF EXISTS `User_Room`;

CREATE TABLE `User_Room` (
  `id` int NOT NULL AUTO_INCREMENT,
  `id_user` int NOT NULL,
  `id_room` int NOT NULL,
  `player_number` int NOT NULL,
  `left_at` datetime DEFAULT NULL,
  `created_at` datetime DEFAULT CURRENT_TIMESTAMP,
  PRIMARY KEY (`id`),
  KEY `fk_role_id_user` (`id_user`),
  KEY `fk_role_id_room` (`id_room`),
  CONSTRAINT `fk_role_id_room` FOREIGN KEY (`id_room`) REFERENCES `Room` (`id`) ON DELETE CASCADE ON UPDATE CASCADE,
  CONSTRAINT `fk_role_id_user` FOREIGN KEY (`id_user`) REFERENCES `User` (`id`) ON DELETE CASCADE ON UPDATE CASCADE
) ENGINE=InnoDB AUTO_INCREMENT=127 DEFAULT CHARSET=utf8mb4 COLLATE=utf8mb4_0900_ai_ci;

LOCK TABLES `User_Room` WRITE;
/*!40000 ALTER TABLE `User_Room` DISABLE KEYS */;

INSERT INTO `User_Room` (`id`, `id_user`, `id_room`, `player_number`, `left_at`, `created_at`) VALUES
	(1, 1, 1, 0, "2025-01-17 01:42:08", "2024-12-27 18:49:20"),
	(2, 2, 1, 1, "2025-02-01 01:10:43", "2025-01-08 23:47:49"),
	(3, 3, 1, 1, NULL, "2025-01-17 01:42:11"),
	(4, 7, 1, 2, NULL, "2025-01-17 01:42:32"),
	(5, 34, 1, 0, NULL, "2025-01-17 01:43:54"),
	(6, 1, 1, -1, "2025-01-17 01:44:42", "2025-01-17 01:44:32"),
	(7, 1, 1, -1, "2025-01-17 01:45:11", "2025-01-17 01:45:04"),
	(8, 1, 1, -1, "2025-01-17 01:45:30", "2025-01-17 01:45:15"),
	(9, 1, 1, -1, "2025-01-17 01:48:14", "2025-01-17 01:45:34"),
	(10, 1, 1, -1, "2025-01-17 01:52:59", "2025-01-17 01:48:36"),
	(11, 1, 1, -1, "2025-01-17 01:55:10", "2025-01-17 01:53:03"),
	(12, 1, 1, -1, "2025-01-17 01:56:51", "2025-01-17 01:55:14"),
	(13, 1, 1, -1, "2025-01-17 01:59:48", "2025-01-17 01:56:52"),
	(14, 1, 1, -1, "2025-01-17 02:01:28", "2025-01-17 01:59:49"),
	(15, 1, 1, -1, "2025-01-17 02:02:50", "2025-01-17 02:01:29"),
	(16, 1, 1, -1, "2025-01-17 02:02:53", "2025-01-17 02:02:51"),
	(17, 1, 1, -1, "2025-01-17 02:03:06", "2025-01-17 02:02:56"),
	(18, 1, 1, -1, "2025-01-17 02:03:09", "2025-01-17 02:03:08"),
	(19, 1, 1, 2, "2025-01-17 03:11:06", "2025-01-17 02:03:11"),
	(20, 1, 1, 3, "2025-01-17 03:11:29", "2025-01-17 03:11:23"),
	(21, 1, 1, 2, "2025-01-17 03:12:16", "2025-01-17 03:12:03"),
	(22, 1, 1, 2, "2025-01-17 03:12:40", "2025-01-17 03:12:34"),
	(23, 1, 1, 2, "2025-01-17 03:13:43", "2025-01-17 03:13:41"),
	(24, 1, 1, 2, "2025-01-17 03:14:14", "2025-01-17 03:14:12"),
	(25, 1, 1, -1, "2025-01-17 03:14:57", "2025-01-17 03:14:54"),
	(26, 1, 1, -1, "2025-01-17 03:16:30", "2025-01-17 03:16:28"),
	(27, 1, 1, 2, "2025-01-17 03:20:06", "2025-01-17 03:16:30"),
	(28, 1, 1, 3, "2025-01-17 03:20:12", "2025-01-17 03:20:06"),
	(29, 1, 1, 2, "2025-01-17 03:20:14", "2025-01-17 03:20:12"),
	(30, 1, 1, 3, "2025-01-17 03:20:16", "2025-01-17 03:20:14"),
	(31, 1, 1, 2, "2025-01-17 03:20:19", "2025-01-17 03:20:16"),
	(32, 1, 1, 3, "2025-01-17 03:24:39", "2025-01-17 03:20:19"),
	(33, 1, 1, 0, "2025-01-17 03:24:40", "2025-01-17 03:24:39"),
	(34, 1, 1, 2, "2025-01-17 03:24:43", "2025-01-17 03:24:40"),
	(35, 1, 1, 3, "2025-01-17 03:24:45", "2025-01-17 03:24:43"),
	(36, 1, 1, 0, "2025-01-17 03:24:46", "2025-01-17 03:24:45"),
	(37, 1, 1, 2, "2025-01-17 03:24:47", "2025-01-17 03:24:46"),
	(38, 1, 1, 3, "2025-01-17 03:24:47", "2025-01-17 03:24:47"),
	(39, 1, 1, 0, "2025-01-17 03:24:48", "2025-01-17 03:24:47"),
	(40, 1, 1, 2, "2025-01-17 03:24:49", "2025-01-17 03:24:48"),
	(41, 1, 1, 3, "2025-01-17 03:24:49", "2025-01-17 03:24:49"),
	(42, 1, 1, 0, "2025-01-17 03:24:50", "2025-01-17 03:24:49"),
	(43, 1, 1, 2, "2025-01-17 03:24:51", "2025-01-17 03:24:50"),
	(44, 1, 1, 3, "2025-01-17 03:24:51", "2025-01-17 03:24:51"),
	(45, 1, 1, 0, "2025-01-17 03:24:54", "2025-01-17 03:24:51"),
	(46, 1, 1, 3, "2025-01-17 03:24:54", "2025-01-17 03:24:54"),
	(47, 1, 1, 2, "2025-01-17 03:24:55", "2025-01-17 03:24:54"),
	(48, 1, 1, 3, "2025-01-17 03:24:55", "2025-01-17 03:24:55"),
	(49, 1, 1, 0, "2025-01-17 03:24:56", "2025-01-17 03:24:55"),
	(50, 1, 1, 2, "2025-01-17 03:24:57", "2025-01-17 03:24:56"),
	(51, 1, 1, 3, "2025-01-17 03:24:57", "2025-01-17 03:24:57"),
	(52, 1, 1, 0, "2025-01-17 03:24:58", "2025-01-17 03:24:57"),
	(53, 1, 1, 2, "2025-01-17 03:24:58", "2025-01-17 03:24:58"),
	(54, 1, 1, 3, "2025-01-17 03:24:58", "2025-01-17 03:24:58"),
	(55, 1, 1, 0, "2025-01-17 03:24:59", "2025-01-17 03:24:58"),
	(56, 1, 1, 3, "2025-01-17 03:25:00", "2025-01-17 03:24:59"),
	(57, 1, 1, 2, "2025-01-17 03:25:00", "2025-01-17 03:25:00"),
	(58, 1, 1, 0, "2025-01-17 03:25:00", "2025-01-17 03:25:00"),
	(59, 1, 1, 3, "2025-01-17 03:25:01", "2025-01-17 03:25:00"),
	(60, 1, 1, 2, "2025-01-17 03:25:01", "2025-01-17 03:25:01"),
	(61, 1, 1, 0, "2025-01-17 03:25:02", "2025-01-17 03:25:01"),
	(62, 1, 1, 3, "2025-01-17 03:25:02", "2025-01-17 03:25:02"),
	(63, 1, 1, 0, "2025-01-17 03:25:02", "2025-01-17 03:25:02"),
	(64, 1, 1, 3, "2025-01-17 03:25:03", "2025-01-17 03:25:02"),
	(65, 1, 1, 0, "2025-01-17 03:25:03", "2025-01-17 03:25:03"),
	(66, 1, 1, 3, "2025-01-17 03:25:04", "2025-01-17 03:25:03"),
	(67, 1, 1, 0, "2025-01-17 03:25:04", "2025-01-17 03:25:04"),
	(68, 1, 1, 3, "2025-01-17 03:25:05", "2025-01-17 03:25:04"),
	(69, 1, 1, 0, "2025-01-17 03:27:19", "2025-01-17 03:25:05"),
	(70, 1, 1, 2, "2025-01-17 03:30:48", "2025-01-17 03:27:19"),
	(71, 1, 1, 3, "2025-01-17 03:33:22", "2025-01-17 03:30:48"),
	(72, 1, 1, -1, "2025-01-17 03:33:38", "2025-01-17 03:33:35"),
	(73, 1, 1, -1, "2025-01-17 03:33:44", "2025-01-17 03:33:40"),
	(74, 1, 1, -1, "2025-01-17 14:35:27", "2025-01-17 14:35:21"),
	(75, 1, 1, 3, "2025-01-17 14:38:50", "2025-01-17 14:35:27"),
	(76, 1, 1, 0, "2025-01-17 14:41:29", "2025-01-17 14:38:50"),
	(77, 1, 1, -1, "2025-01-17 14:41:34", "2025-01-17 14:41:31"),
	(78, 1, 1, 3, "2025-01-18 11:06:01", "2025-01-17 14:41:34"),
	(79, 3, 1, -1, "2025-01-18 10:06:18", "2025-01-18 10:03:17"),
	(80, 2, 1, 0, "2025-01-18 10:06:15", "2025-01-18 10:06:11"),
	(81, 2, 1, 1, "2025-01-18 10:13:02", "2025-01-18 10:06:15"),
	(82, 3, 1, 0, "2025-01-18 10:06:25", "2025-01-18 10:06:18"),
	(83, 3, 1, 3, "2025-01-18 10:06:26", "2025-01-18 10:06:25"),
	(84, 3, 1, 0, "2025-01-18 10:06:28", "2025-01-18 10:06:26"),
	(85, 3, 1, 3, "2025-01-18 10:06:28", "2025-01-18 10:06:28"),
	(86, 3, 1, 2, "2025-01-18 10:06:29", "2025-01-18 10:06:28"),
	(87, 3, 1, 0, "2025-01-18 10:08:39", "2025-01-18 10:06:29"),
	(88, 3, 2, -1, "2025-01-18 10:08:43", "2025-01-18 10:08:40"),
	(89, 3, 2, -1, "2025-01-18 10:08:58", "2025-01-18 10:08:44"),
	(90, 3, 2, 1, "2025-01-18 10:09:10", "2025-01-18 10:08:58"),
	(91, 3, 1, -1, "2025-01-18 10:09:15", "2025-01-18 10:09:12"),
	(92, 3, 1, 0, "2025-01-18 10:09:17", "2025-01-18 10:09:15"),
	(93, 3, 2, -1, "2025-01-18 10:09:23", "2025-01-18 10:09:18"),
	(94, 3, 1, -1, "2025-01-18 10:13:20", "2025-01-18 10:09:24"),
	(95, 2, 1, -1, "2025-01-18 10:13:18", "2025-01-18 10:13:04"),
	(96, 2, 1, 1, "2025-01-30 22:17:34", "2025-01-18 10:13:18"),
	(97, 3, 1, 0, "2025-02-02 02:22:00", "2025-01-18 10:13:20"),
	(98, 3, 1, -1, "2025-01-23 15:24:51", "2025-01-23 15:24:47"),
	(99, 2, 1, -1, "2025-01-30 22:18:04", "2025-01-30 22:18:03"),
	(100, 2, 2, -1, "2025-01-30 22:18:06", "2025-01-30 22:18:05"),
	(101, 2, 1, -1, "2025-01-30 22:18:08", "2025-01-30 22:18:07"),
	(102, 2, 2, -1, "2025-01-30 22:18:10", "2025-01-30 22:18:08"),
	(103, 2, 1, -1, "2025-01-30 22:18:12", "2025-01-30 22:18:11"),
	(104, 2, 2, -1, "2025-01-30 22:18:13", "2025-01-30 22:18:12"),
	(105, 2, 1, -1, "2025-01-30 22:18:15", "2025-01-30 22:18:14"),
	(106, 2, 6, -1, "2025-01-30 23:40:30", "2025-01-30 23:40:25"),
	(107, 2, 1, -1, "2025-02-01 01:45:13", "2025-02-01 01:45:10"),
	(108, 2, 3, -1, "2025-02-01 11:52:47", "2025-02-01 11:52:44"),
	(109, 2, 4, -1, "2025-02-01 11:53:26", "2025-02-01 11:53:23"),
	(110, 2, 1, -1, "2025-02-01 11:57:55", "2025-02-01 11:53:29"),
	(111, 2, 1, -1, "2025-02-01 13:56:28", "2025-02-01 13:56:25"),
	(112, 2, 2, -1, "2025-02-01 13:56:31", "2025-02-01 13:56:29"),
	(113, 2, 3, -1, "2025-02-01 13:56:33", "2025-02-01 13:56:32"),
	(114, 2, 13, -1, "2025-02-01 13:56:36", "2025-02-01 13:56:35"),
	(115, 2, 22, -1, "2025-02-01 13:56:45", "2025-02-01 13:56:43"),
	(116, 2, 32, -1, "2025-02-02 02:40:16", "2025-02-02 02:40:04"),
	(117, 2, 33, -1, "2025-02-02 02:46:22", "2025-02-02 02:46:12"),
	(118, 2, 34, -1, "2025-02-02 02:50:02", "2025-02-02 02:49:53"),
	(119, 2, 34, 0, "2025-02-02 02:50:03", "2025-02-02 02:50:02"),
	(120, 2, 34, 3, "2025-02-02 02:50:03", "2025-02-02 02:50:03"),
	(121, 2, 34, 2, "2025-02-02 02:50:04", "2025-02-02 02:50:03"),
	(122, 2, 34, 1, "2025-02-02 02:50:04", "2025-02-02 02:50:04"),
	(123, 2, 34, 0, "2025-02-02 02:50:06", "2025-02-02 02:50:04"),
	(124, 3, 35, -1, NULL, "2025-02-02 04:55:37"),
	(125, 2, 2, -1, "2025-02-02 05:17:40", "2025-02-02 05:17:30"),
	(126, 2, 1, -1, "2025-02-02 05:18:23", "2025-02-02 05:18:19");

/*!40000 ALTER TABLE `User_Room` ENABLE KEYS */;
UNLOCK TABLES;



# Dump of table migration
# ------------------------------------------------------------

DROP TABLE IF EXISTS `migration`;

CREATE TABLE `migration` (
  `version` varchar(180) NOT NULL,
  `apply_time` int DEFAULT NULL,
  PRIMARY KEY (`version`)
) ENGINE=InnoDB DEFAULT CHARSET=utf8mb4 COLLATE=utf8mb4_0900_ai_ci;

LOCK TABLES `migration` WRITE;
/*!40000 ALTER TABLE `migration` DISABLE KEYS */;

INSERT INTO `migration` (`version`, `apply_time`) VALUES
	("m000000_000000_base", 1735325356),
	("m241126_232828_init", 1735325359),
	("m241127_010003_init_admin_account", 1735325359),
	("m241208_191041_test_users", 1735325360),
	("m241218_174824_test_room", 1735325360),
	("m250108_202718_add_seed_to_room", 1736368621),
	("m250111_092129_add_current_player_number_to_room", 1736587442),
	("m250117_004257_add_room_name_to_room", 1737074691),
	("m250129_160235_add_ban_table", 1738273749);

/*!40000 ALTER TABLE `migration` ENABLE KEYS */;
UNLOCK TABLES;



# Dump of views
# ------------------------------------------------------------

# Creating temporary tables to overcome VIEW dependency errors


# Dump of triggers
# ------------------------------------------------------------

/*!50003 SET @OLD_SQL_MODE=@@SQL_MODE*/;;
/*!50003 SET SQL_MODE="ONLY_FULL_GROUP_BY,STRICT_TRANS_TABLES,NO_ZERO_IN_DATE,NO_ZERO_DATE,ERROR_FOR_DIVISION_BY_ZERO,NO_ENGINE_SUBSTITUTION" */;
DELIMITER ;;
/*!50003 CREATE*/ /*!50017 DEFINER=`root`@`%`*/ /*!50003 TRIGGER `trigger_update_room_modified_at` BEFORE UPDATE ON `Room` FOR EACH ROW BEGIN
                SET NEW.modified_at = CURRENT_TIMESTAMP;
            END*/;;
DELIMITER ;
/*!50003 SET SQL_MODE=@OLD_SQL_MODE */;

/*!50003 SET @OLD_SQL_MODE=@@SQL_MODE*/;;
/*!50003 SET SQL_MODE="ONLY_FULL_GROUP_BY,STRICT_TRANS_TABLES,NO_ZERO_IN_DATE,NO_ZERO_DATE,ERROR_FOR_DIVISION_BY_ZERO,NO_ENGINE_SUBSTITUTION" */;
DELIMITER ;;
/*!50003 CREATE*/ /*!50017 DEFINER=`root`@`%`*/ /*!50003 TRIGGER `trigger_update_user_modified_at` BEFORE UPDATE ON `User` FOR EACH ROW BEGIN
                SET NEW.modified_at = CURRENT_TIMESTAMP;
            END*/;;
DELIMITER ;
/*!50003 SET SQL_MODE=@OLD_SQL_MODE */;



/*!40111 SET SQL_NOTES=@OLD_SQL_NOTES */;
/*!40101 SET SQL_MODE=@OLD_SQL_MODE */;
/*!40014 SET FOREIGN_KEY_CHECKS=@OLD_FOREIGN_KEY_CHECKS */;
/*!40101 SET CHARACTER_SET_CLIENT=@OLD_CHARACTER_SET_CLIENT */;
/*!40101 SET CHARACTER_SET_RESULTS=@OLD_CHARACTER_SET_RESULTS */;
/*!40101 SET COLLATION_CONNECTION=@OLD_COLLATION_CONNECTION */;

# Dump completed on 2025-02-02T06:27:06+01:00
